<?xml version="1.0" encoding="UTF-8"?>

<CodeSystem xmlns="http://hl7.org/fhir">
  <id value="HtsFormat"/>
  <text>
    <status value="generated"/><div xmlns="http://www.w3.org/1999/xhtml"><h2>HTS Format</h2><div><p>An enumeration used to represent different high-throughput sequencing file formats.</p>
</div><p>This code system http://ga4gh.org/fhir/phenopackets/CodeSystem/HtsFormat defines the following codes:</p><table class="codes"><tr><td style="white-space:nowrap"><b>Code</b></td><td><b>Display</b></td><td><b>Definition</b></td></tr><tr><td style="white-space:nowrap">UNKNOWN<a name="HtsFormat-UNKNOWN"> </a></td><td>Unknown</td><td/></tr><tr><td style="white-space:nowrap">SAM<a name="HtsFormat-SAM"> </a></td><td>SAM</td><td/></tr><tr><td style="white-space:nowrap">BAM<a name="HtsFormat-BAM"> </a></td><td>BAM</td><td/></tr><tr><td style="white-space:nowrap">CRAM<a name="HtsFormat-CRAM"> </a></td><td>CRAM</td><td/></tr><tr><td style="white-space:nowrap">VCF<a name="HtsFormat-VCF"> </a></td><td>VCF</td><td/></tr><tr><td style="white-space:nowrap">BCF<a name="HtsFormat-BCF"> </a></td><td>BCF</td><td/></tr><tr><td style="white-space:nowrap">GVCF<a name="HtsFormat-GVCF"> </a></td><td>GVCF</td><td/></tr></table></div>
  </text>
  <url value="http://ga4gh.org/fhir/phenopackets/CodeSystem/HtsFormat"/>
  <version value="0.1.0"/>
  <name value="HtsFormat"/>
  <title value="HTS Format"/>
  <status value="active"/>
  <date value="2020-02-14T16:13:10+10:00"/>
  <publisher value="Alejandro Metke"/>
  <contact>
    <name value="Alejandro Metke"/>
  </contact>
  <description value="An enumeration used to represent different high-throughput sequencing file formats."/>
  <content value="complete"/>
  <concept>
    <code value="UNKNOWN"/>
    <display value="Unknown"/>
  </concept>
  <concept>
    <code value="SAM"/>
    <display value="SAM"/>
  </concept>
  <concept>
    <code value="BAM"/>
    <display value="BAM"/>
  </concept>
  <concept>
    <code value="CRAM"/>
    <display value="CRAM"/>
  </concept>
  <concept>
    <code value="VCF"/>
    <display value="VCF"/>
  </concept>
  <concept>
    <code value="BCF"/>
    <display value="BCF"/>
  </concept>
  <concept>
    <code value="GVCF"/>
    <display value="GVCF"/>
  </concept>
</CodeSystem>