<?xml version="1.0" encoding="UTF-8"?>

<ImplementationGuide xmlns="http://hl7.org/fhir">
  <id value="phenopackets"/>
  <text>
    <status value="generated"/><div xmlns="http://www.w3.org/1999/xhtml"><h2>PhenopacketsImplementationGuide</h2><p>The official URL for this implementation guide is: </p><pre>http://ga4gh.org/fhir/phenopackets/ImplementationGuide/phenopackets</pre><div><p>Phenopackets is an open standard for sharing disease and phenotype information that will improve our ability to understand, diagnose, and treat both rare and common diseases. A Phenopacket links detailed phenotype descriptions with disease, patient, and genetic information, enabling clinicians, biologists, and disease and drug researchers to build more complete models of disease. The standard is designed to encourage wide adoption and synergy between the people, organizations and systems that comprise the joint effort to address human disease and biological understanding. Phenopackets on FHIR is a FHIR implementation guide based on the Phenopackets standard.</p>
</div></div>
  </text>
  <url value="http://ga4gh.org/fhir/phenopackets/ImplementationGuide/phenopackets"/>
  <version value="0.1.0"/>
  <name value="PhenopacketsImplementationGuide"/>
  <title value="Phenopackets Implementation Guide"/>
  <status value="active"/>
  <date value="2020-02-14T16:13:10+10:00"/>
  <publisher value="Alejandro Metke"/>
  <contact>
    <name value="Alejandro Metke"/>
  </contact>
  <description value="Phenopackets is an open standard for sharing disease and phenotype information that will improve our ability to understand, diagnose, and treat both rare and common diseases. A Phenopacket links detailed phenotype descriptions with disease, patient, and genetic information, enabling clinicians, biologists, and disease and drug researchers to build more complete models of disease. The standard is designed to encourage wide adoption and synergy between the people, organizations and systems that comprise the joint effort to address human disease and biological understanding. Phenopackets on FHIR is a FHIR implementation guide based on the Phenopackets standard."/>
  <packageId value="phenopackets"/>
  <license value="CC0-1.0"/>
  <fhirVersion value="4.0.1"/>
  <dependsOn>
    <uri value="http://hl7.org/fhir/uv/genomics-reporting/ImplementationGuide/hl7.fhir.uv.genomics-reporting"/>
    <packageId value="hl7.fhir.uv.genomics-reporting"/>
    <version value="1.0.0"/>
  </dependsOn>
  <definition>
    <extension url="http://hl7.org/fhir/tools/StructureDefinition/ig-parameter">
      <extension url="code">
        <valueString value="copyrightyear"/>
      </extension>
      <extension url="value">
        <valueString value="2020+"/>
      </extension>
    </extension>
    <extension url="http://hl7.org/fhir/tools/StructureDefinition/ig-parameter">
      <extension url="code">
        <valueString value="releaselabel"/>
      </extension>
      <extension url="value">
        <valueString value="CI Build"/>
      </extension>
    </extension>
    <extension url="http://hl7.org/fhir/tools/StructureDefinition/ig-parameter">
      <extension url="code">
        <valueString value="show-inherited-invariants"/>
      </extension>
      <extension url="value">
        <valueString value="false"/>
      </extension>
    </extension>
    <extension url="http://hl7.org/fhir/tools/StructureDefinition/ig-parameter">
      <extension url="code">
        <valueString value="path-expansion-params"/>
      </extension>
      <extension url="value">
        <valueString value="input/pagecontent/OntoserverParams.json"/>
      </extension>
    </extension>
    <extension url="http://hl7.org/fhir/tools/StructureDefinition/ig-parameter">
      <extension url="code">
        <valueString value="path-qa"/>
      </extension>
      <extension url="value">
        <valueString value="temp/qa"/>
      </extension>
    </extension>
    <extension url="http://hl7.org/fhir/tools/StructureDefinition/ig-parameter">
      <extension url="code">
        <valueString value="path-temp"/>
      </extension>
      <extension url="value">
        <valueString value="temp/pages"/>
      </extension>
    </extension>
    <extension url="http://hl7.org/fhir/tools/StructureDefinition/ig-parameter">
      <extension url="code">
        <valueString value="path-output"/>
      </extension>
      <extension url="value">
        <valueString value="output"/>
      </extension>
    </extension>
    <extension url="http://hl7.org/fhir/tools/StructureDefinition/ig-parameter">
      <extension url="code">
        <valueString value="path-suppressed-warnings"/>
      </extension>
      <extension url="value">
        <valueString value="input/ignoreWarnings.txt"/>
      </extension>
    </extension>
    <extension url="http://hl7.org/fhir/tools/StructureDefinition/ig-parameter">
      <extension url="code">
        <valueString value="template-html"/>
      </extension>
      <extension url="value">
        <valueString value="template-page.html"/>
      </extension>
    </extension>
    <extension url="http://hl7.org/fhir/tools/StructureDefinition/ig-parameter">
      <extension url="code">
        <valueString value="template-md"/>
      </extension>
      <extension url="value">
        <valueString value="template-page-md.html"/>
      </extension>
    </extension>
    <extension url="http://hl7.org/fhir/tools/StructureDefinition/ig-parameter">
      <extension url="code">
        <valueString value="apply-contact"/>
      </extension>
      <extension url="value">
        <valueString value="true"/>
      </extension>
    </extension>
    <extension url="http://hl7.org/fhir/tools/StructureDefinition/ig-parameter">
      <extension url="code">
        <valueString value="apply-context"/>
      </extension>
      <extension url="value">
        <valueString value="true"/>
      </extension>
    </extension>
    <extension url="http://hl7.org/fhir/tools/StructureDefinition/ig-parameter">
      <extension url="code">
        <valueString value="apply-copyright"/>
      </extension>
      <extension url="value">
        <valueString value="true"/>
      </extension>
    </extension>
    <extension url="http://hl7.org/fhir/tools/StructureDefinition/ig-parameter">
      <extension url="code">
        <valueString value="apply-jurisdiction"/>
      </extension>
      <extension url="value">
        <valueString value="true"/>
      </extension>
    </extension>
    <extension url="http://hl7.org/fhir/tools/StructureDefinition/ig-parameter">
      <extension url="code">
        <valueString value="apply-license"/>
      </extension>
      <extension url="value">
        <valueString value="true"/>
      </extension>
    </extension>
    <extension url="http://hl7.org/fhir/tools/StructureDefinition/ig-parameter">
      <extension url="code">
        <valueString value="apply-publisher"/>
      </extension>
      <extension url="value">
        <valueString value="true"/>
      </extension>
    </extension>
    <extension url="http://hl7.org/fhir/tools/StructureDefinition/ig-parameter">
      <extension url="code">
        <valueString value="apply-version"/>
      </extension>
      <extension url="value">
        <valueString value="true"/>
      </extension>
    </extension>
    <extension url="http://hl7.org/fhir/tools/StructureDefinition/ig-parameter">
      <extension url="code">
        <valueString value="active-tables"/>
      </extension>
      <extension url="value">
        <valueString value="true"/>
      </extension>
    </extension>
    <resource>
      <extension url="http://hl7.org/fhir/tools/StructureDefinition/resource-information">
        <valueString value="StructureDefinition:extension"/>
      </extension>
      <extension url="http://hl7.org/fhir/StructureDefinition/implementationguide-page">
        <valueUri value="StructureDefinition-AffectedStatus.html"/>
      </extension>
      <reference>
        <reference value="StructureDefinition/AffectedStatus"/>
      </reference>
      <name value="Affected Status"/>
      <description value="Indicates if the individual has the affected phenotype of the proband."/>
      <exampleBoolean value="false"/>
    </resource>
    <resource>
      <extension url="http://hl7.org/fhir/tools/StructureDefinition/resource-information">
        <valueString value="StructureDefinition:extension"/>
      </extension>
      <extension url="http://hl7.org/fhir/StructureDefinition/implementationguide-page">
        <valueUri value="StructureDefinition-AgeOrAgeRange.html"/>
      </extension>
      <reference>
        <reference value="StructureDefinition/AgeOrAgeRange"/>
      </reference>
      <name value="Age Or Age Range"/>
      <description value="An age or an age range."/>
      <exampleBoolean value="false"/>
    </resource>
    <resource>
      <extension url="http://hl7.org/fhir/tools/StructureDefinition/resource-information">
        <valueString value="StructureDefinition:resource"/>
      </extension>
      <extension url="http://hl7.org/fhir/StructureDefinition/implementationguide-page">
        <valueUri value="StructureDefinition-Biosample.html"/>
      </extension>
      <reference>
        <reference value="StructureDefinition/Biosample"/>
      </reference>
      <name value="Biosample"/>
      <description value="A unit of biological material from which the substrate molecules (e.g. genomic DNA, RNA, proteins) for molecular analyses (e.g. sequencing, array hybridisation, mass-spectrometry) are extracted."/>
      <exampleBoolean value="false"/>
    </resource>
    <resource>
      <extension url="http://hl7.org/fhir/tools/StructureDefinition/resource-information">
        <valueString value="StructureDefinition:extension"/>
      </extension>
      <extension url="http://hl7.org/fhir/StructureDefinition/implementationguide-page">
        <valueUri value="StructureDefinition-BiosampleControl.html"/>
      </extension>
      <reference>
        <reference value="StructureDefinition/BiosampleControl"/>
      </reference>
      <name value="Biosample Control"/>
      <description value="Is this a control biosample?"/>
      <exampleBoolean value="false"/>
    </resource>
    <resource>
      <extension url="http://hl7.org/fhir/tools/StructureDefinition/resource-information">
        <valueString value="StructureDefinition:extension"/>
      </extension>
      <extension url="http://hl7.org/fhir/StructureDefinition/implementationguide-page">
        <valueUri value="StructureDefinition-CodedOnset.html"/>
      </extension>
      <reference>
        <reference value="StructureDefinition/CodedOnset"/>
      </reference>
      <name value="Coded Onset"/>
      <description value="The onset of a disease using an ontology class."/>
      <exampleBoolean value="false"/>
    </resource>
    <resource>
      <extension url="http://hl7.org/fhir/tools/StructureDefinition/resource-information">
        <valueString value="StructureDefinition:resource"/>
      </extension>
      <extension url="http://hl7.org/fhir/StructureDefinition/implementationguide-page">
        <valueUri value="StructureDefinition-Cohort.html"/>
      </extension>
      <reference>
        <reference value="StructureDefinition/Cohort"/>
      </reference>
      <name value="Cohort"/>
      <description value="A group of individuals related in some phenotypic or genotypic aspect."/>
      <exampleBoolean value="false"/>
    </resource>
    <resource>
      <extension url="http://hl7.org/fhir/tools/StructureDefinition/resource-information">
        <valueString value="StructureDefinition:extension"/>
      </extension>
      <extension url="http://hl7.org/fhir/StructureDefinition/implementationguide-page">
        <valueUri value="StructureDefinition-DiagnosticMarkers.html"/>
      </extension>
      <reference>
        <reference value="StructureDefinition/DiagnosticMarkers"/>
      </reference>
      <name value="Diagnostic Markers"/>
      <description value="Clinically relevant bio markers. Most of the assays such as immunohistochemistry (IHC) are covered by the NCIT under the sub-hierarchy NCIT:C36292 (Laboratory Test Result), e.g. NCIT:C68748 (HER2/Neu Positive), NCIT:C131711 (Human Papillomavirus-18 Positive)."/>
      <exampleBoolean value="false"/>
    </resource>
    <resource>
      <extension url="http://hl7.org/fhir/tools/StructureDefinition/resource-information">
        <valueString value="StructureDefinition:resource"/>
      </extension>
      <extension url="http://hl7.org/fhir/StructureDefinition/implementationguide-page">
        <valueUri value="StructureDefinition-Disease.html"/>
      </extension>
      <reference>
        <reference value="StructureDefinition/Disease"/>
      </reference>
      <name value="Disease"/>
      <description value="The word phenotype is used with many different meanings, including &#39;the observable traits of an organism&#39;. In medicine, the word can be used with at least two different meanings. It is used to refer to some observed deviation from normal morphology, physiology, or behavior. In contrast, the disease is a diagnosis, i.e., and inference or hypothesis about the cause underlying the observed phenotypic abnormalities. Occasionally, physicians use the word phenotype to refer to a disease, but we do not use this meaning here."/>
      <exampleBoolean value="false"/>
    </resource>
    <resource>
      <extension url="http://hl7.org/fhir/tools/StructureDefinition/resource-information">
        <valueString value="StructureDefinition:extension"/>
      </extension>
      <extension url="http://hl7.org/fhir/StructureDefinition/implementationguide-page">
        <valueUri value="StructureDefinition-Evidence.html"/>
      </extension>
      <reference>
        <reference value="StructureDefinition/Evidence"/>
      </reference>
      <name value="Evidence"/>
      <description value="This element intends to represent the evidence for an assertion such as an observation of a PhenotypicFeature element."/>
      <exampleBoolean value="false"/>
    </resource>
    <resource>
      <extension url="http://hl7.org/fhir/tools/StructureDefinition/resource-information">
        <valueString value="StructureDefinition:extension"/>
      </extension>
      <extension url="http://hl7.org/fhir/StructureDefinition/implementationguide-page">
        <valueUri value="StructureDefinition-ExternalReference.html"/>
      </extension>
      <reference>
        <reference value="StructureDefinition/ExternalReference"/>
      </reference>
      <name value="External Reference"/>
      <description value="This element encodes information about an external reference."/>
      <exampleBoolean value="false"/>
    </resource>
    <resource>
      <extension url="http://hl7.org/fhir/tools/StructureDefinition/resource-information">
        <valueString value="StructureDefinition:resource"/>
      </extension>
      <extension url="http://hl7.org/fhir/StructureDefinition/implementationguide-page">
        <valueUri value="StructureDefinition-Family.html"/>
      </extension>
      <reference>
        <reference value="StructureDefinition/Family"/>
      </reference>
      <name value="Family"/>
      <description value="Phenotype, sample and pedigree data required for a genomic diagnosis."/>
      <exampleBoolean value="false"/>
    </resource>
    <resource>
      <extension url="http://hl7.org/fhir/tools/StructureDefinition/resource-information">
        <valueString value="StructureDefinition:extension"/>
      </extension>
      <extension url="http://hl7.org/fhir/StructureDefinition/implementationguide-page">
        <valueUri value="StructureDefinition-FamilyIdentifier.html"/>
      </extension>
      <reference>
        <reference value="StructureDefinition/FamilyIdentifier"/>
      </reference>
      <name value="Family Identifier"/>
      <description value="A family identifier. Used to export to PED file format."/>
      <exampleBoolean value="false"/>
    </resource>
    <resource>
      <extension url="http://hl7.org/fhir/tools/StructureDefinition/resource-information">
        <valueString value="StructureDefinition:extension"/>
      </extension>
      <extension url="http://hl7.org/fhir/StructureDefinition/implementationguide-page">
        <valueUri value="StructureDefinition-GenomeAssembly.html"/>
      </extension>
      <reference>
        <reference value="StructureDefinition/GenomeAssembly"/>
      </reference>
      <name value="Genome Assembly"/>
      <description value="The genome assembly that a file was called against. We recommend using the Genome Reference Consortium nomenclature e.g. GRCh37, GRCh38."/>
      <exampleBoolean value="false"/>
    </resource>
    <resource>
      <extension url="http://hl7.org/fhir/tools/StructureDefinition/resource-information">
        <valueString value="StructureDefinition:extension"/>
      </extension>
      <extension url="http://hl7.org/fhir/StructureDefinition/implementationguide-page">
        <valueUri value="StructureDefinition-HistologicalDiagnosis.html"/>
      </extension>
      <reference>
        <reference value="StructureDefinition/HistologicalDiagnosis"/>
      </reference>
      <name value="Histological Diagnosis"/>
      <description value="This is the pathologist&#x2019;s diagnosis and may often represent a refinement of the clinical diagnosis (which could be reported in the Phenopacket that contains this Biosample). Normal samples would be tagged with the term &#x201C;NCIT:C38757&#x201D;, &#x201C;Negative Finding&#x201D;."/>
      <exampleBoolean value="false"/>
    </resource>
    <resource>
      <extension url="http://hl7.org/fhir/tools/StructureDefinition/resource-information">
        <valueString value="StructureDefinition:resource"/>
      </extension>
      <extension url="http://hl7.org/fhir/StructureDefinition/implementationguide-page">
        <valueUri value="StructureDefinition-HtsFile.html"/>
      </extension>
      <reference>
        <reference value="StructureDefinition/HtsFile"/>
      </reference>
      <name value="Hts File"/>
      <description value="Phenopackets can be used to hold phenotypic information that can inform the analysis of sequencing data in VCF format as well as other high-throughput sequencing (HTS) or other data types."/>
      <exampleBoolean value="false"/>
    </resource>
    <resource>
      <extension url="http://hl7.org/fhir/tools/StructureDefinition/resource-information">
        <valueString value="StructureDefinition:extension"/>
      </extension>
      <extension url="http://hl7.org/fhir/StructureDefinition/implementationguide-page">
        <valueUri value="StructureDefinition-HtsFileReference.html"/>
      </extension>
      <reference>
        <reference value="StructureDefinition/HtsFileReference"/>
      </reference>
      <name value="Hts File Reference"/>
      <description value="Reference to a high-throughput sequencing file generated as part of a genomic test."/>
      <exampleBoolean value="false"/>
    </resource>
    <resource>
      <extension url="http://hl7.org/fhir/tools/StructureDefinition/resource-information">
        <valueString value="StructureDefinition:resource"/>
      </extension>
      <extension url="http://hl7.org/fhir/StructureDefinition/implementationguide-page">
        <valueUri value="StructureDefinition-Individual.html"/>
      </extension>
      <reference>
        <reference value="StructureDefinition/Individual"/>
      </reference>
      <name value="Individual"/>
      <description value="The subject of the Phenopacket is represented by an Individual element. This element intends to represent an individual human or other organism."/>
      <exampleBoolean value="false"/>
    </resource>
    <resource>
      <extension url="http://hl7.org/fhir/tools/StructureDefinition/resource-information">
        <valueString value="StructureDefinition:extension"/>
      </extension>
      <extension url="http://hl7.org/fhir/StructureDefinition/implementationguide-page">
        <valueUri value="StructureDefinition-IndividualReference.html"/>
      </extension>
      <reference>
        <reference value="StructureDefinition/IndividualReference"/>
      </reference>
      <name value="Individual Reference"/>
      <description value="A reference to an individual associated to a pedigree node."/>
      <exampleBoolean value="false"/>
    </resource>
    <resource>
      <extension url="http://hl7.org/fhir/tools/StructureDefinition/resource-information">
        <valueString value="StructureDefinition:resource"/>
      </extension>
      <extension url="http://hl7.org/fhir/StructureDefinition/implementationguide-page">
        <valueUri value="StructureDefinition-Interpretation.html"/>
      </extension>
      <reference>
        <reference value="StructureDefinition/Interpretation"/>
      </reference>
      <name value="Interpretation"/>
      <description value="Represents the interpretation of a genomic analysis, such as the report from a diagnostic laboratory."/>
      <exampleBoolean value="false"/>
    </resource>
    <resource>
      <extension url="http://hl7.org/fhir/tools/StructureDefinition/resource-information">
        <valueString value="StructureDefinition:extension"/>
      </extension>
      <extension url="http://hl7.org/fhir/StructureDefinition/implementationguide-page">
        <valueUri value="StructureDefinition-KaryotypicSex.html"/>
      </extension>
      <reference>
        <reference value="StructureDefinition/KaryotypicSex"/>
      </reference>
      <name value="Karyotypic Sex"/>
      <description value="The chromosomal sex of an individual."/>
      <exampleBoolean value="false"/>
    </resource>
    <resource>
      <extension url="http://hl7.org/fhir/tools/StructureDefinition/resource-information">
        <valueString value="StructureDefinition:extension"/>
      </extension>
      <extension url="http://hl7.org/fhir/StructureDefinition/implementationguide-page">
        <valueUri value="StructureDefinition-Onset.html"/>
      </extension>
      <reference>
        <reference value="StructureDefinition/Onset"/>
      </reference>
      <name value="Onset"/>
      <description value="Describes the age at which a phenotypic feature was first noticed or diagnosed."/>
      <exampleBoolean value="false"/>
    </resource>
    <resource>
      <extension url="http://hl7.org/fhir/tools/StructureDefinition/resource-information">
        <valueString value="StructureDefinition:resource"/>
      </extension>
      <extension url="http://hl7.org/fhir/StructureDefinition/implementationguide-page">
        <valueUri value="StructureDefinition-PedigreeNode.html"/>
      </extension>
      <reference>
        <reference value="StructureDefinition/PedigreeNode"/>
      </reference>
      <name value="Pedigree Node"/>
      <description value="The Phenopackets Pedigree element represents a PED file, which describes the family relationships of each specimen along with their gender and phenotype. PED files are typically used by software for genetic linkage analysis. PED files have six mandatory columns, and additional optional columns (that are typically not used in the context of genomic analysis). FHIR already has resources and extensions that represent a pedigree. A pedigree node extends the FamilyMemberHistory-Genetic profile."/>
      <exampleBoolean value="false"/>
    </resource>
    <resource>
      <extension url="http://hl7.org/fhir/tools/StructureDefinition/resource-information">
        <valueString value="StructureDefinition:extension"/>
      </extension>
      <extension url="http://hl7.org/fhir/StructureDefinition/implementationguide-page">
        <valueUri value="StructureDefinition-PedigreeNodeReference.html"/>
      </extension>
      <reference>
        <reference value="StructureDefinition/PedigreeNodeReference"/>
      </reference>
      <name value="Pedigree Node Reference"/>
      <description value="A reference to a pedigree node."/>
      <exampleBoolean value="false"/>
    </resource>
    <resource>
      <extension url="http://hl7.org/fhir/tools/StructureDefinition/resource-information">
        <valueString value="StructureDefinition:resource"/>
      </extension>
      <extension url="http://hl7.org/fhir/StructureDefinition/implementationguide-page">
        <valueUri value="StructureDefinition-Phenopacket.html"/>
      </extension>
      <reference>
        <reference value="StructureDefinition/Phenopacket"/>
      </reference>
      <name value="Phenopacket"/>
      <description value="A Phenopacket is an anonymous phenotypic description of an individual or biosample with potential genes of interest and/or diagnoses."/>
      <exampleBoolean value="false"/>
    </resource>
    <resource>
      <extension url="http://hl7.org/fhir/tools/StructureDefinition/resource-information">
        <valueString value="StructureDefinition:extension"/>
      </extension>
      <extension url="http://hl7.org/fhir/StructureDefinition/implementationguide-page">
        <valueUri value="StructureDefinition-PhenopacketReference.html"/>
      </extension>
      <reference>
        <reference value="StructureDefinition/PhenopacketReference"/>
      </reference>
      <name value="Phenopacket Reference"/>
      <description value="An extension to reference a Phenopacket."/>
      <exampleBoolean value="false"/>
    </resource>
    <resource>
      <extension url="http://hl7.org/fhir/tools/StructureDefinition/resource-information">
        <valueString value="StructureDefinition:resource"/>
      </extension>
      <extension url="http://hl7.org/fhir/StructureDefinition/implementationguide-page">
        <valueUri value="StructureDefinition-PhenotypicFeature.html"/>
      </extension>
      <reference>
        <reference value="StructureDefinition/PhenotypicFeature"/>
      </reference>
      <name value="Phenotypic Feature"/>
      <description value="This element is intended to be used to describe a phenotype that characterizes the subject of the Phenopacket. For medical use cases the subject will generally be a patient or a proband of a study, and the phenotypes will be abnormalities described by an ontology such as the Human Phenotype Ontology. The word phenotype is used with many different meanings including disease entity, but in this context we mean an individual phenotypic feature, observed as either present or absent, with possible onset, modifiers and frequency."/>
      <exampleBoolean value="false"/>
    </resource>
    <resource>
      <extension url="http://hl7.org/fhir/tools/StructureDefinition/resource-information">
        <valueString value="StructureDefinition:extension"/>
      </extension>
      <extension url="http://hl7.org/fhir/StructureDefinition/implementationguide-page">
        <valueUri value="StructureDefinition-PhenotypicFeatureModifier.html"/>
      </extension>
      <reference>
        <reference value="StructureDefinition/PhenotypicFeatureModifier"/>
      </reference>
      <name value="Phenotypic Feature Modifier"/>
      <description value="This element is a list of ontology class elements intended to provide more expressive or precise descriptions of a phenotypic feature, including attributes such as positionality and external factors that tend to trigger or ameliorate the feature."/>
      <exampleBoolean value="false"/>
    </resource>
    <resource>
      <extension url="http://hl7.org/fhir/tools/StructureDefinition/resource-information">
        <valueString value="StructureDefinition:extension"/>
      </extension>
      <extension url="http://hl7.org/fhir/StructureDefinition/implementationguide-page">
        <valueUri value="StructureDefinition-Severity.html"/>
      </extension>
      <reference>
        <reference value="StructureDefinition/Severity"/>
      </reference>
      <name value="Severity"/>
      <description value="The severity of a phenotype."/>
      <exampleBoolean value="false"/>
    </resource>
    <resource>
      <extension url="http://hl7.org/fhir/tools/StructureDefinition/resource-information">
        <valueString value="StructureDefinition:extension"/>
      </extension>
      <extension url="http://hl7.org/fhir/StructureDefinition/implementationguide-page">
        <valueUri value="StructureDefinition-Taxonomy.html"/>
      </extension>
      <reference>
        <reference value="StructureDefinition/Taxonomy"/>
      </reference>
      <name value="Taxonomy"/>
      <description value="For resources where there may be more than one organism being studied it is advisable to indicate the taxonomic identifier of that organism, to its most specific level."/>
      <exampleBoolean value="false"/>
    </resource>
    <resource>
      <extension url="http://hl7.org/fhir/tools/StructureDefinition/resource-information">
        <valueString value="StructureDefinition:extension"/>
      </extension>
      <extension url="http://hl7.org/fhir/StructureDefinition/implementationguide-page">
        <valueUri value="StructureDefinition-TumorGrade.html"/>
      </extension>
      <reference>
        <reference value="StructureDefinition/TumorGrade"/>
      </reference>
      <name value="Tumor Grade"/>
      <description value="List of terms representing the tumor grade."/>
      <exampleBoolean value="false"/>
    </resource>
    <resource>
      <extension url="http://hl7.org/fhir/tools/StructureDefinition/resource-information">
        <valueString value="StructureDefinition:extension"/>
      </extension>
      <extension url="http://hl7.org/fhir/StructureDefinition/implementationguide-page">
        <valueUri value="StructureDefinition-TumorProgression.html"/>
      </extension>
      <reference>
        <reference value="StructureDefinition/TumorProgression"/>
      </reference>
      <name value="Tumor Progression"/>
      <description value="This field can be used to indicate if a specimen is from the primary tumor, a metastasis or a recurrence. There are multiple ways of representing this using ontology terms, and the terms chosen should have a specific meaning that is application specific."/>
      <exampleBoolean value="false"/>
    </resource>
    <resource>
      <extension url="http://hl7.org/fhir/tools/StructureDefinition/resource-information">
        <valueString value="StructureDefinition:extension"/>
      </extension>
      <extension url="http://hl7.org/fhir/StructureDefinition/implementationguide-page">
        <valueUri value="StructureDefinition-TumorStage.html"/>
      </extension>
      <reference>
        <reference value="StructureDefinition/TumorStage"/>
      </reference>
      <name value="Tumor Stage"/>
      <description value="This element can be used if the phenopacket describes cancer. Tumor staging describes the extent of growth of cancer, including the tumor and, if applicable, affected lymph nodes and distant metastases."/>
      <exampleBoolean value="false"/>
    </resource>
    <resource>
      <extension url="http://hl7.org/fhir/tools/StructureDefinition/resource-information">
        <valueString value="StructureDefinition:extension"/>
      </extension>
      <extension url="http://hl7.org/fhir/StructureDefinition/implementationguide-page">
        <valueUri value="StructureDefinition-VariantReference.html"/>
      </extension>
      <reference>
        <reference value="StructureDefinition/VariantReference"/>
      </reference>
      <name value="Variant Reference"/>
      <description value="References a variant observation."/>
      <exampleBoolean value="false"/>
    </resource>
    <resource>
      <extension url="http://hl7.org/fhir/tools/StructureDefinition/resource-information">
        <valueString value="ValueSet"/>
      </extension>
      <extension url="http://hl7.org/fhir/StructureDefinition/implementationguide-page">
        <valueUri value="ValueSet-AffectedStatus.html"/>
      </extension>
      <reference>
        <reference value="ValueSet/AffectedStatus"/>
      </reference>
      <name value="Affected Status"/>
      <description value="An enumeration used to represent whether a person is affected by a condition of interest in the context of a pedigree."/>
    </resource>
    <resource>
      <extension url="http://hl7.org/fhir/tools/StructureDefinition/resource-information">
        <valueString value="ValueSet"/>
      </extension>
      <extension url="http://hl7.org/fhir/StructureDefinition/implementationguide-page">
        <valueUri value="ValueSet-DiagnosticMarkers.html"/>
      </extension>
      <reference>
        <reference value="ValueSet/DiagnosticMarkers"/>
      </reference>
      <name value="Diagnostic Markers"/>
      <description value="Codes to indicate clinically relevant bio markers."/>
    </resource>
    <resource>
      <extension url="http://hl7.org/fhir/tools/StructureDefinition/resource-information">
        <valueString value="ValueSet"/>
      </extension>
      <extension url="http://hl7.org/fhir/StructureDefinition/implementationguide-page">
        <valueUri value="ValueSet-Evidence.html"/>
      </extension>
      <reference>
        <reference value="ValueSet/Evidence"/>
      </reference>
      <name value="Evidence"/>
      <description value="Codes from the Evidence &amp; Conclusion Ontology."/>
    </resource>
    <resource>
      <extension url="http://hl7.org/fhir/tools/StructureDefinition/resource-information">
        <valueString value="ValueSet"/>
      </extension>
      <extension url="http://hl7.org/fhir/StructureDefinition/implementationguide-page">
        <valueUri value="ValueSet-HTSFormat.html"/>
      </extension>
      <reference>
        <reference value="ValueSet/HTSFormat"/>
      </reference>
      <name value="HTS Format"/>
      <description value="Represents different high-throughput sequencing file formats."/>
    </resource>
    <resource>
      <extension url="http://hl7.org/fhir/tools/StructureDefinition/resource-information">
        <valueString value="ValueSet"/>
      </extension>
      <extension url="http://hl7.org/fhir/StructureDefinition/implementationguide-page">
        <valueUri value="ValueSet-HistologicalDiagnosis.html"/>
      </extension>
      <reference>
        <reference value="ValueSet/HistologicalDiagnosis"/>
      </reference>
      <name value="HistologicalDiagnosis"/>
      <description value="Histological diagnosis codes from NCIT."/>
    </resource>
    <resource>
      <extension url="http://hl7.org/fhir/tools/StructureDefinition/resource-information">
        <valueString value="ValueSet"/>
      </extension>
      <extension url="http://hl7.org/fhir/StructureDefinition/implementationguide-page">
        <valueUri value="ValueSet-KaryotypicSex.html"/>
      </extension>
      <reference>
        <reference value="ValueSet/KaryotypicSex"/>
      </reference>
      <name value="Karyotypic Sex"/>
      <description value="Represents the chromosomal sex of an individual."/>
    </resource>
    <resource>
      <extension url="http://hl7.org/fhir/tools/StructureDefinition/resource-information">
        <valueString value="ValueSet"/>
      </extension>
      <extension url="http://hl7.org/fhir/StructureDefinition/implementationguide-page">
        <valueUri value="ValueSet-Onset.html"/>
      </extension>
      <reference>
        <reference value="ValueSet/Onset"/>
      </reference>
      <name value="Onset"/>
      <description value="Onset codes from the Human Phenotype Ontology and SNOMED CT."/>
    </resource>
    <resource>
      <extension url="http://hl7.org/fhir/tools/StructureDefinition/resource-information">
        <valueString value="ValueSet"/>
      </extension>
      <extension url="http://hl7.org/fhir/StructureDefinition/implementationguide-page">
        <valueUri value="ValueSet-PhenotypicFeatureInterpretation.html"/>
      </extension>
      <reference>
        <reference value="ValueSet/PhenotypicFeatureInterpretation"/>
      </reference>
      <name value="Phenotypic Feature Interpretation"/>
      <description value="Codes to indicate the interpretation of a phenotypic feature (present or absent)."/>
    </resource>
    <resource>
      <extension url="http://hl7.org/fhir/tools/StructureDefinition/resource-information">
        <valueString value="ValueSet"/>
      </extension>
      <extension url="http://hl7.org/fhir/StructureDefinition/implementationguide-page">
        <valueUri value="ValueSet-PhenotypicFeatureModifier.html"/>
      </extension>
      <reference>
        <reference value="ValueSet/PhenotypicFeatureModifier"/>
      </reference>
      <name value="Phenotypic Feature Modifier"/>
      <description value="Clinical modifier codes from the Human Phenotype Ontology. TODO: include corresponding codes from SNOMED CT."/>
    </resource>
    <resource>
      <extension url="http://hl7.org/fhir/tools/StructureDefinition/resource-information">
        <valueString value="ValueSet"/>
      </extension>
      <extension url="http://hl7.org/fhir/StructureDefinition/implementationguide-page">
        <valueUri value="ValueSet-PhenotypicFeatureType.html"/>
      </extension>
      <reference>
        <reference value="ValueSet/PhenotypicFeatureType"/>
      </reference>
      <name value="Phenotypic Feature Type"/>
      <description value="The primary ontology class which describes the phenotype."/>
    </resource>
    <resource>
      <extension url="http://hl7.org/fhir/tools/StructureDefinition/resource-information">
        <valueString value="ValueSet"/>
      </extension>
      <extension url="http://hl7.org/fhir/StructureDefinition/implementationguide-page">
        <valueUri value="ValueSet-Severity.html"/>
      </extension>
      <reference>
        <reference value="ValueSet/Severity"/>
      </reference>
      <name value="Severity"/>
      <description value="Phenotypic feature severity codes from the Human Phenotype Ontology and SNOMED CT."/>
    </resource>
    <resource>
      <extension url="http://hl7.org/fhir/tools/StructureDefinition/resource-information">
        <valueString value="ValueSet"/>
      </extension>
      <extension url="http://hl7.org/fhir/StructureDefinition/implementationguide-page">
        <valueUri value="ValueSet-Taxonomy.html"/>
      </extension>
      <reference>
        <reference value="ValueSet/Taxonomy"/>
      </reference>
      <name value="Taxonomy"/>
      <description value="Taxonomic identifiers of an organism."/>
    </resource>
    <resource>
      <extension url="http://hl7.org/fhir/tools/StructureDefinition/resource-information">
        <valueString value="ValueSet"/>
      </extension>
      <extension url="http://hl7.org/fhir/StructureDefinition/implementationguide-page">
        <valueUri value="ValueSet-TumorGrade.html"/>
      </extension>
      <reference>
        <reference value="ValueSet/TumorGrade"/>
      </reference>
      <name value="Tumor Grade"/>
      <description value="Codes to indicate the grade of a tumor."/>
    </resource>
    <resource>
      <extension url="http://hl7.org/fhir/tools/StructureDefinition/resource-information">
        <valueString value="ValueSet"/>
      </extension>
      <extension url="http://hl7.org/fhir/StructureDefinition/implementationguide-page">
        <valueUri value="ValueSet-TumorProgression.html"/>
      </extension>
      <reference>
        <reference value="ValueSet/TumorProgression"/>
      </reference>
      <name value="Tumor Progression"/>
      <description value="Codes to indicate if a specimen is from the primary tumor, a metastasis or a recurrence."/>
    </resource>
    <resource>
      <extension url="http://hl7.org/fhir/tools/StructureDefinition/resource-information">
        <valueString value="ValueSet"/>
      </extension>
      <extension url="http://hl7.org/fhir/StructureDefinition/implementationguide-page">
        <valueUri value="ValueSet-TumorStage.html"/>
      </extension>
      <reference>
        <reference value="ValueSet/TumorStage"/>
      </reference>
      <name value="Tumor Stage"/>
      <description value="Codes to represent the stage of a tumor."/>
    </resource>
    <resource>
      <extension url="http://hl7.org/fhir/tools/StructureDefinition/resource-information">
        <valueString value="CodeSystem"/>
      </extension>
      <extension url="http://hl7.org/fhir/StructureDefinition/implementationguide-page">
        <valueUri value="CodeSystem-AffectedStatus.html"/>
      </extension>
      <reference>
        <reference value="CodeSystem/AffectedStatus"/>
      </reference>
      <name value="Affected Status"/>
      <description value="An enumeration used to represent whether a person is affected by a condition of interest in the context of a pedigree."/>
    </resource>
    <resource>
      <extension url="http://hl7.org/fhir/tools/StructureDefinition/resource-information">
        <valueString value="CodeSystem"/>
      </extension>
      <extension url="http://hl7.org/fhir/StructureDefinition/implementationguide-page">
        <valueUri value="CodeSystem-DocumentType.html"/>
      </extension>
      <reference>
        <reference value="CodeSystem/DocumentType"/>
      </reference>
      <name value="Document Type"/>
      <description value="Represents the different types of documents in the Phenopackets standard."/>
    </resource>
    <resource>
      <extension url="http://hl7.org/fhir/tools/StructureDefinition/resource-information">
        <valueString value="CodeSystem"/>
      </extension>
      <extension url="http://hl7.org/fhir/StructureDefinition/implementationguide-page">
        <valueUri value="CodeSystem-HtsFormat.html"/>
      </extension>
      <reference>
        <reference value="CodeSystem/HtsFormat"/>
      </reference>
      <name value="HTS Format"/>
      <description value="An enumeration used to represent different high-throughput sequencing file formats."/>
    </resource>
    <resource>
      <extension url="http://hl7.org/fhir/tools/StructureDefinition/resource-information">
        <valueString value="CodeSystem"/>
      </extension>
      <extension url="http://hl7.org/fhir/StructureDefinition/implementationguide-page">
        <valueUri value="CodeSystem-KaryotypicSex.html"/>
      </extension>
      <reference>
        <reference value="CodeSystem/KaryotypicSex"/>
      </reference>
      <name value="Karyotypic Sex"/>
      <description value="Represents the chromosomal sex of an individual."/>
    </resource>
    <resource>
      <extension url="http://hl7.org/fhir/tools/StructureDefinition/resource-information">
        <valueString value="CodeSystem"/>
      </extension>
      <extension url="http://hl7.org/fhir/StructureDefinition/implementationguide-page">
        <valueUri value="CodeSystem-SectionType.html"/>
      </extension>
      <reference>
        <reference value="CodeSystem/SectionType"/>
      </reference>
      <name value="Section Type"/>
      <description value="Represents the different types of sections in the objects that are built as compositions in the Phenopackets standard."/>
    </resource>
    <page>
      <nameUrl value="toc.html"/>
      <title value="Table of Contents"/>
      <generation value="html"/>
      <page>
        <nameUrl value="index.html"/>
        <title value="Phenopackets Implementation Guide"/>
        <generation value="markdown"/>
      </page>
      <page>
        <nameUrl value="guidance.html"/>
        <title value="Guidance"/>
        <generation value="markdown"/>
      </page>
      <page>
        <nameUrl value="mapping.html"/>
        <title value="Mapping"/>
        <generation value="markdown"/>
      </page>
    </page>
    <parameter>
      <code value="path-resource"/>
      <value value="input/capabilities"/>
    </parameter>
    <parameter>
      <code value="path-resource"/>
      <value value="input/examples"/>
    </parameter>
    <parameter>
      <code value="path-resource"/>
      <value value="input/extensions"/>
    </parameter>
    <parameter>
      <code value="path-resource"/>
      <value value="input/models"/>
    </parameter>
    <parameter>
      <code value="path-resource"/>
      <value value="input/operations"/>
    </parameter>
    <parameter>
      <code value="path-resource"/>
      <value value="input/profiles"/>
    </parameter>
    <parameter>
      <code value="path-resource"/>
      <value value="input/resources"/>
    </parameter>
    <parameter>
      <code value="path-resource"/>
      <value value="input/vocabulary"/>
    </parameter>
    <parameter>
      <code value="path-pages"/>
      <value value="template/config"/>
    </parameter>
    <parameter>
      <code value="path-pages"/>
      <value value="input/images"/>
    </parameter>
    <parameter>
      <code value="path-tx-cache"/>
      <value value="input-cache/txcache"/>
    </parameter>
  </definition>
</ImplementationGuide>