<?xml version="1.0" encoding="UTF-8"?>

<ValueSet xmlns="http://hl7.org/fhir">
  <id value="taxonomy"/>
  <text>
    <status value="generated"/><div xmlns="http://www.w3.org/1999/xhtml"><h2>Taxonomy</h2><div><p>Taxonomic identifiers of an organism.</p>
</div><p>This value set includes codes from the following code systems:</p><ul><li>Include all codes defined in <code>http://purl.obolibrary.org/obo/ncbitaxon.owl</code></li></ul></div>
  </text>
  <url value="http://ga4gh.org/fhir/phenopackets/ValueSet/taxonomy"/>
  <version value="0.1.0"/>
  <name value="Taxonomy"/>
  <title value="Taxonomy"/>
  <status value="draft"/>
  <experimental value="false"/>
  <date value="2019-11-29T14:40:16+10:00"/>
  <publisher value="Global Alliance for Genomics and Health"/>
  <contact>
    <telecom>
      <system value="url"/>
      <value value="http://ga4gh.org"/>
    </telecom>
  </contact>
  <description value="Taxonomic identifiers of an organism."/>
  <compose>
    <include>
      <system value="http://purl.obolibrary.org/obo/ncbitaxon.owl"/>
    </include>
  </compose>
</ValueSet>