<?xml version="1.0" encoding="UTF-8"?>

<ValueSet xmlns="http://hl7.org/fhir">
  <id value="histology-morphology-behavior"/>
  <text>
    <status value="generated"/><div xmlns="http://www.w3.org/1999/xhtml"><h2>Histology Morphology Behavior</h2><div><p>Codes representing the structure, arrangement, and behavioral characteristics of tumors and cancer cells. Codes are preferrably taken from the SNOMED CT hierarchy under 367651003 (Malignant neoplasm of primary, secondary, or uncertain origin (morphologic abnormality)). ICD-O-3 morphology codes (including behavior suffix) can also be used, although they are not included in the value set for intellectual property reasons. For primary cancers, the ICD-O-3 behavior suffix should be /1, /2, or /3. For secondary cancers, the ICD-O-3 behavior suffix should be /6. Only SNOMED CT and ICD-O-3 are considered conformant to the specification.</p>
</div><p>This value set includes codes from the following code systems:</p><ul><li>Include codes from <a href="http://www.snomed.org/"><code>http://snomed.info/sct</code></a> where concept  is-a  367651003</li></ul></div>
  </text>
  <url value="http://ga4gh.org/fhir/phenopackets/ValueSet/histology-morphology-behavior"/>
  <version value="0.1.0"/>
  <name value="HistologyMorphologyBehavior"/>
  <title value="Histology Morphology Behavior"/>
  <status value="draft"/>
  <experimental value="false"/>
  <date value="2019-10-18T20:32:59+10:00"/>
  <publisher value="Global Alliance for Genomics and Health"/>
  <contact>
    <telecom>
      <system value="url"/>
      <value value="http://ga4gh.org"/>
    </telecom>
  </contact>
  <description value="Codes representing the structure, arrangement, and behavioral characteristics of tumors and cancer cells. Codes are preferrably taken from the SNOMED CT hierarchy under 367651003 (Malignant neoplasm of primary, secondary, or uncertain origin (morphologic abnormality)). ICD-O-3 morphology codes (including behavior suffix) can also be used, although they are not included in the value set for intellectual property reasons. For primary cancers, the ICD-O-3 behavior suffix should be /1, /2, or /3. For secondary cancers, the ICD-O-3 behavior suffix should be /6. Only SNOMED CT and ICD-O-3 are considered conformant to the specification."/>
  <compose>
    <include>
      <system value="http://snomed.info/sct"/>
      <filter>
        <property value="concept"/>
        <op value="is-a"/>
        <value value="367651003"/>
      </filter>
    </include>
  </compose>
</ValueSet>