<?xml version="1.0" encoding="UTF-8"?>

<ValueSet xmlns="http://hl7.org/fhir">
  <id value="tnm-stage-group"/>
  <text>
    <status value="generated"/><div xmlns="http://www.w3.org/1999/xhtml"><h2>TNM Stage Group</h2><div><p>This value set is intended to contain allowable values for Stage Group, according to TNM staging rules. SNOMED CT codes or AJCC codes (preferrably, version 8 for current cancers) are allowed, but are not listed here due to AJCC intellectual property restrictions.</p>
<p>*AJCC terminology: examples of stage groups include 'Stage 0' and 'Stage IIA'. The full set of stage groups, as well rules on how to assign a stage group, can be accessed through the AJCC Staging Manual and any applicable updates and corrections, as well as the AJCC API.</p>
<ul>
<li>SNOMED CT has content representing stage group under the hierarchy of 261612004 'Stages', such as 258215001 'Stage 1' and 261614003 'Stage2A'. In addition, SNOMED CT may not have complete TNM staging terminology and may require supplementation with codes from another controlled vocabulary (e.g. NCI Thesaurus).</li>
</ul>
</div><p>This value set includes codes from the following code systems:</p><ul><li>Include all codes defined in <code>http://cancerstaging.org</code></li></ul></div>
  </text>
  <url value="http://ga4gh.org/fhir/phenopackets/ValueSet/tnm-stage-group"/>
  <version value="0.1.0"/>
  <name value="TNMStageGroup"/>
  <title value="TNM Stage Group"/>
  <status value="draft"/>
  <experimental value="false"/>
  <date value="2019-10-18T20:32:59+10:00"/>
  <publisher value="Global Alliance for Genomics and Health"/>
  <contact>
    <telecom>
      <system value="url"/>
      <value value="http://ga4gh.org"/>
    </telecom>
  </contact>
  <description value="This value set is intended to contain allowable values for Stage Group, according to TNM staging rules. SNOMED CT codes or AJCC codes (preferrably, version 8 for current cancers) are allowed, but are not listed here due to AJCC intellectual property restrictions.&#xA;&#xA;*AJCC terminology: examples of stage groups include &#39;Stage 0&#39; and &#39;Stage IIA&#39;.&#xA0;The full set of stage groups, as well rules on how to assign a stage group, can be accessed through the AJCC Staging Manual and any applicable updates and corrections, as well as the AJCC API.&#xA;&#xA;* SNOMED CT has content representing stage group under the hierarchy of 261612004 &#39;Stages&#39;, such as 258215001 &#39;Stage 1&#39; and 261614003 &#39;Stage2A&#39;.&#xA0;In addition, SNOMED CT may not have complete TNM staging terminology and may require supplementation with codes from another controlled vocabulary (e.g. NCI Thesaurus)."/>
  <compose>
    <include>
      <system value="http://cancerstaging.org"/>
    </include>
  </compose>
</ValueSet>