<?xml version="1.0" encoding="UTF-8"?>

<ValueSet xmlns="http://hl7.org/fhir">
  <id value="anatomical-direction"/>
  <text>
    <status value="generated"/><div xmlns="http://www.w3.org/1999/xhtml"><h2>Anatomical Direction</h2><div><p>Terms that specify anatomical direction.</p>
</div><p>This value set includes codes from the following code systems:</p><ul><li>Include codes from <a href="http://www.snomed.org/"><code>http://snomed.info/sct</code></a> where concept  is-a  272424004</li></ul></div>
  </text>
  <url value="http://ga4gh.org/fhir/phenopackets/ValueSet/anatomical-direction"/>
  <version value="0.1.0"/>
  <name value="AnatomicalDirection"/>
  <title value="Anatomical Direction"/>
  <status value="draft"/>
  <experimental value="false"/>
  <date value="2019-10-18T20:32:59+10:00"/>
  <publisher value="Global Alliance for Genomics and Health"/>
  <contact>
    <telecom>
      <system value="url"/>
      <value value="http://ga4gh.org"/>
    </telecom>
  </contact>
  <description value="Terms that specify anatomical direction."/>
  <compose>
    <include>
      <system value="http://snomed.info/sct"/>
      <filter>
        <property value="concept"/>
        <op value="is-a"/>
        <value value="272424004"/>
      </filter>
    </include>
  </compose>
</ValueSet>