<?xml version="1.0" encoding="UTF-8"?>

<ValueSet xmlns="http://hl7.org/fhir">
  <id value="HTSFormat"/>
  <text>
    <status value="generated"/><div xmlns="http://www.w3.org/1999/xhtml"><h2>HTS Format</h2><div><p>Represents different high-throughput sequencing file formats.</p>
</div><p>This value set includes codes from the following code systems:</p><ul><li>Include all codes defined in <a href="CodeSystem-HtsFormat.html"><code>http://ga4gh.org/fhir/phenopackets/CodeSystem/HtsFormat</code></a></li></ul></div>
  </text>
  <url value="http://ga4gh.org/fhir/phenopackets/ValueSet/HTSFormat"/>
  <version value="0.1.0"/>
  <name value="HTSFormat"/>
  <title value="HTS Format"/>
  <status value="active"/>
  <date value="2020-02-14T16:13:10+10:00"/>
  <publisher value="Alejandro Metke"/>
  <contact>
    <name value="Alejandro Metke"/>
  </contact>
  <description value="Represents different high-throughput sequencing file formats."/>
  <compose>
    <include>
      <system value="http://ga4gh.org/fhir/phenopackets/CodeSystem/HtsFormat"/>
    </include>
  </compose>
</ValueSet>