<?xml version="1.0" encoding="UTF-8"?>

<ValueSet xmlns="http://hl7.org/fhir">
  <id value="TumorStage"/>
  <text>
    <status value="generated"/><div xmlns="http://www.w3.org/1999/xhtml"><h2>Tumor Stage</h2><div><p>Codes to represent the stage of a tumor.</p>
</div><p>This value set includes codes from the following code systems:</p><ul><li>Include codes from <code>http://purl.obolibrary.org/obo/ncit.owl</code> where concept  descends from  NCIT:C48232 (Cancer TNM Finding)</li></ul></div>
  </text>
  <url value="http://ga4gh.org/fhir/phenopackets/ValueSet/TumorStage"/>
  <version value="0.1.0"/>
  <name value="TumorStage"/>
  <title value="Tumor Stage"/>
  <status value="active"/>
  <date value="2020-02-14T16:13:10+10:00"/>
  <publisher value="Alejandro Metke"/>
  <contact>
    <name value="Alejandro Metke"/>
  </contact>
  <description value="Codes to represent the stage of a tumor."/>
  <compose>
    <include>
      <system value="http://purl.obolibrary.org/obo/ncit.owl"/>
      <filter>
        <property value="concept"/>
        <op value="descendent-of"/>
        <value value="NCIT:C48232"/>
      </filter>
    </include>
  </compose>
</ValueSet>