{"resourceType":"CodeSystem","id":"DocumentType","text":{"status":"generated","div":"<div xmlns=\"http://www.w3.org/1999/xhtml\"><h2>Document Type</h2><div><p>Represents the different types of documents in the Phenopackets standard.</p>\n</div><p>This code system http://ga4gh.org/fhir/phenopackets/CodeSystem/DocumentType defines the following codes:</p><table class=\"codes\"><tr><td style=\"white-space:nowrap\"><b>Code</b></td><td><b>Display</b></td><td><b>Definition</b></td></tr><tr><td style=\"white-space:nowrap\">phenopacket<a name=\"DocumentType-phenopacket\"> </a></td><td>Phenopacket</td><td/></tr><tr><td style=\"white-space:nowrap\">cohort<a name=\"DocumentType-cohort\"> </a></td><td>Cohort</td><td/></tr></table></div>"},"url":"http://ga4gh.org/fhir/phenopackets/CodeSystem/DocumentType","version":"0.1.0","name":"DocumentType","title":"Document Type","status":"active","date":"2020-02-14T16:13:10+10:00","publisher":"Alejandro Metke","contact":[{"name":"Alejandro Metke"}],"description":"Represents the different types of documents in the Phenopackets standard.","content":"complete","concept":[{"code":"phenopacket","display":"Phenopacket"},{"code":"cohort","display":"Cohort"}]}