{"resourceType":"ImplementationGuide","id":"ga4gh.fhir.phenopackets","text":{"status":"generated","div":"<div xmlns=\"http://www.w3.org/1999/xhtml\"><h2>Phenopackets</h2><p>The official URL for this implementation guide is: </p><pre>http://ga4gh.org/fhir/phenopackets/ImplementationGuide/ga4gh.fhir.phenopackets</pre><div><p>An open standard for sharing disease and phenotype information will improve our ability to understand, diagnose, and treat both rare and common diseases. A PhenoPacket links detailed phenotype descriptions with disease, patient, and genetic information, enabling clinicians, biologists, and disease and drug researchers to build more complete models of disease. The standard is designed to encourage wide adoption and synergy between the people, organizations and systems that comprise the joint effort to address human disease and biological understanding.</p>\n</div></div>"},"url":"http://ga4gh.org/fhir/phenopackets/ImplementationGuide/ga4gh.fhir.phenopackets","version":"0.1.0","name":"Phenopackets","status":"draft","date":"2019-11-29T14:40:16+10:00","contact":[{"name":"Alejandro Metke","telecom":[{"system":"email","value":"alejandro.metke@csiro.au"}]}],"description":"An open standard for sharing disease and phenotype information will improve our ability to understand, diagnose, and treat both rare and common diseases. A PhenoPacket links detailed phenotype descriptions with disease, patient, and genetic information, enabling clinicians, biologists, and disease and drug researchers to build more complete models of disease. The standard is designed to encourage wide adoption and synergy between the people, organizations and systems that comprise the joint effort to address human disease and biological understanding.","fhirVersion":"4.0.1","dependency":[{"type":"reference","uri":"http://hl7.org/fhir/uv/genomics-reporting"}],"page":{"source":"toc.md","title":"Table of Contents","kind":"resource","page":[{"source":"Home.html","title":"Home","kind":"resource","page":[{"source":"Overview.html","title":"Overview","kind":"resource"}]},{"source":"Introduction.html","title":"Introduction","kind":"resource","page":[{"source":"Purpose_Content_and_Organization.html","title":"Purpose Content and Organization","kind":"resource"},{"source":"About_FHIR.html","title":"About FHIR","kind":"resource"},{"source":"About_Supporting_Specifications.html","title":"About Supporting Specifications","kind":"resource"}]},{"source":"Credits.html","title":"Credits","kind":"resource"}]}}