{"resourceType":"ValueSet","id":"Severity","text":{"status":"generated","div":"<div xmlns=\"http://www.w3.org/1999/xhtml\"><h2>Severity</h2><div><p>Phenotypic feature severity codes from the Human Phenotype Ontology and SNOMED CT.</p>\n</div><p>This value set includes codes from the following code systems:</p><ul><li>Include codes from <code>http://purl.obolibrary.org/obo/hp.owl</code> where concept  descends from  HP:0012824 (Severity)</li><li>Include codes from <a href=\"http://www.snomed.org/\"><code>http://snomed.info/sct</code></a> where concept  descends from  272141005 (Severities)</li></ul></div>"},"url":"http://ga4gh.org/fhir/phenopackets/ValueSet/Severity","version":"0.1.0","name":"Severity","title":"Severity","status":"active","date":"2020-02-14T16:13:10+10:00","publisher":"Alejandro Metke","contact":[{"name":"Alejandro Metke"}],"description":"Phenotypic feature severity codes from the Human Phenotype Ontology and SNOMED CT.","compose":{"include":[{"system":"http://purl.obolibrary.org/obo/hp.owl","filter":[{"property":"concept","op":"descendent-of","value":"HP:0012824"}]},{"system":"http://snomed.info/sct","filter":[{"property":"concept","op":"descendent-of","value":"272141005"}]}]}}