{"resourceType":"ValueSet","id":"pedigree-affected-status","text":{"status":"generated","div":"<div xmlns=\"http://www.w3.org/1999/xhtml\"><h2>Pedigree Affected Status</h2><div><p>An enumeration used to represent whether a person is affected by a condition of interest in the context of a pedigree.</p>\n</div><p>This value set includes codes from the following code systems:</p><ul><li>Include all codes defined in <a href=\"CodeSystem-affected-status.html\"><code>http://ga4gh.org/fhir/phenopackets/CodeSystem/affected-status</code></a></li></ul></div>"},"url":"http://ga4gh.org/fhir/phenopackets/ValueSet/pedigree-affected-status","version":"0.1.0","name":"PedigreeAffectedStatus","title":"Pedigree Affected Status","status":"draft","experimental":false,"date":"2019-11-29T14:40:16+10:00","publisher":"Global Alliance for Genomics and Health","contact":[{"telecom":[{"system":"url","value":"http://ga4gh.org"}]}],"description":"An enumeration used to represent whether a person is affected by a condition of interest in the context of a pedigree.","compose":{"include":[{"system":"http://ga4gh.org/fhir/phenopackets/CodeSystem/affected-status"}]}}