{"resourceType":"ValueSet","id":"tumor-progression","text":{"status":"generated","div":"<div xmlns=\"http://www.w3.org/1999/xhtml\"><h2>Tumor Progression</h2><div><p>Codes to indicate if a specimen is from the primary tumor, a metastasis or a recurrence.</p>\n</div><p>This value set includes codes from the following code systems:</p><ul><li>Include these codes as defined in <code>http://purl.obolibrary.org/obo/ncit.owl</code><table class=\"none\"><tr><td style=\"white-space:nowrap\"><b>Code</b></td><td><b>Display</b></td></tr><tr><td>NCIT:C8509</td><td>Primary Neoplasm</td><td/></tr><tr><td>NCIT:C3261</td><td>Metastatic Neoplasm</td><td/></tr><tr><td>NCIT:C4798</td><td>Recurrent Neoplasm</td><td/></tr></table></li></ul></div>"},"url":"http://ga4gh.org/fhir/phenopackets/ValueSet/tumor-progression","version":"0.1.0","name":"TumorProgression","title":"Tumor Progression","status":"draft","experimental":false,"date":"2019-12-02T08:48:39+10:00","publisher":"Global Alliance for Genomics and Health","contact":[{"telecom":[{"system":"url","value":"http://ga4gh.org"}]}],"description":"Codes to indicate if a specimen is from the primary tumor, a metastasis or a recurrence.","compose":{"include":[{"system":"http://purl.obolibrary.org/obo/ncit.owl","concept":[{"code":"NCIT:C8509","display":"Primary Neoplasm"},{"code":"NCIT:C3261","display":"Metastatic Neoplasm"},{"code":"NCIT:C4798","display":"Recurrent Neoplasm"}]}]}}