{"resourceType":"ValueSet","id":"family-member-type","text":{"status":"generated","div":"<div xmlns=\"http://www.w3.org/1999/xhtml\"><h2>Family Member Type</h2><div><p>Represents the types of members in a family.</p>\n</div><p>This value set includes codes from the following code systems:</p><ul><li>Include all codes defined in <a href=\"CodeSystem-family-member-type.html\"><code>http://ga4gh.org/fhir/phenopackets/CodeSystem/family-member-type</code></a></li></ul></div>"},"url":"http://ga4gh.org/fhir/phenopackets/ValueSet/family-member-type","version":"0.1.0","name":"FamilyMemberType","title":"Family Member Type","status":"draft","experimental":false,"date":"2019-11-29T14:40:16+10:00","publisher":"Global Alliance for Genomics and Health","contact":[{"telecom":[{"system":"url","value":"http://ga4gh.org"}]}],"description":"Represents the types of members in a family.","compose":{"include":[{"system":"http://ga4gh.org/fhir/phenopackets/CodeSystem/family-member-type"}]}}