{"resourceType":"ValueSet","id":"Taxonomy","text":{"status":"generated","div":"<div xmlns=\"http://www.w3.org/1999/xhtml\"><h2>Taxonomy</h2><div><p>Taxonomic identifiers of an organism.</p>\n</div><p>This value set includes codes from the following code systems:</p><ul><li>Include all codes defined in <code>http://purl.obolibrary.org/obo/ncbitaxon.owl</code></li></ul></div>"},"url":"http://ga4gh.org/fhir/phenopackets/ValueSet/Taxonomy","version":"0.1.0","name":"Taxonomy","title":"Taxonomy","status":"active","date":"2020-02-14T16:13:10+10:00","publisher":"Alejandro Metke","contact":[{"name":"Alejandro Metke"}],"description":"Taxonomic identifiers of an organism.","compose":{"include":[{"system":"http://purl.obolibrary.org/obo/ncbitaxon.owl"}]}}