{"resourceType":"ValueSet","id":"karyotypic-sex","text":{"status":"generated","div":"<div xmlns=\"http://www.w3.org/1999/xhtml\"><h2>Karyotypic Sex</h2><div><p>Represents the chromosomal sex of an individual.</p>\n</div><p>This value set includes codes from the following code systems:</p><ul><li>Include all codes defined in <a href=\"CodeSystem-karyotypic-sex.html\"><code>http://ga4gh.org/fhir/phenopackets/CodeSystem/karyotypic-sex</code></a></li></ul></div>"},"url":"http://ga4gh.org/fhir/phenopackets/ValueSet/karyotypic-sex","version":"0.1.0","name":"KaryotypicSex","title":"Karyotypic Sex","status":"draft","experimental":false,"date":"2019-11-29T14:40:16+10:00","publisher":"Global Alliance for Genomics and Health","contact":[{"telecom":[{"system":"url","value":"http://ga4gh.org"}]}],"description":"Represents the chromosomal sex of an individual.","compose":{"include":[{"system":"http://ga4gh.org/fhir/phenopackets/CodeSystem/karyotypic-sex"}]}}