{"resourceType":"ValueSet","id":"hts-format","text":{"status":"generated","div":"<div xmlns=\"http://www.w3.org/1999/xhtml\"><h2>HTS Format</h2><div><p>Represents different high-throughput sequencing file formats.</p>\n</div><p>This value set includes codes from the following code systems:</p><ul><li>Include all codes defined in <a href=\"CodeSystem-hts-format.html\"><code>http://ga4gh.org/fhir/phenopackets/CodeSystem/hts-format</code></a></li></ul></div>"},"url":"http://ga4gh.org/fhir/phenopackets/ValueSet/hts-format","version":"0.1.0","name":"HTSFormat","title":"HTS Format","status":"draft","experimental":false,"date":"2019-11-29T14:40:16+10:00","publisher":"Global Alliance for Genomics and Health","contact":[{"telecom":[{"system":"url","value":"http://ga4gh.org"}]}],"description":"Represents different high-throughput sequencing file formats.","compose":{"include":[{"system":"http://ga4gh.org/fhir/phenopackets/CodeSystem/hts-format"}]}}