<?xml version="1.0" encoding="UTF-8"?><CodeSystem xmlns="http://hl7.org/fhir"><id value="DocumentType"/><text><status value="generated"/><div xmlns="http://www.w3.org/1999/xhtml"><h2>Document Type</h2><div><p>Represents the different types of documents in the Phenopackets standard.</p>
</div><p>This code system http://ga4gh.org/fhir/phenopackets/CodeSystem/DocumentType defines the following codes:</p><table class="codes"><tr><td style="white-space:nowrap"><b>Code</b></td><td><b>Display</b></td><td><b>Definition</b></td></tr><tr><td style="white-space:nowrap">phenopacket<a name="DocumentType-phenopacket"> </a></td><td>Phenopacket</td><td/></tr><tr><td style="white-space:nowrap">cohort<a name="DocumentType-cohort"> </a></td><td>Cohort</td><td/></tr></table></div></text><url value="http://ga4gh.org/fhir/phenopackets/CodeSystem/DocumentType"/><version value="0.1.0"/><name value="DocumentType"/><title value="Document Type"/><status value="active"/><date value="2020-02-14T16:13:10+10:00"/><publisher value="Alejandro Metke"/><contact><name value="Alejandro Metke"/></contact><description value="Represents the different types of documents in the Phenopackets standard."/><content value="complete"/><concept><code value="phenopacket"/><display value="Phenopacket"/></concept><concept><code value="cohort"/><display value="Cohort"/></concept></CodeSystem>