<?xml version="1.0" encoding="UTF-8"?><CodeSystem xmlns="http://hl7.org/fhir"><id value="document-type"/><text><status value="generated"/><div xmlns="http://www.w3.org/1999/xhtml"><h2>Document Type</h2><div><p>Represents the different types of documents in the Phenopackets standard.</p>
</div><p>This code system http://ga4gh.org/fhir/phenopackets/CodeSystem/document-type defines the following codes:</p><table class="codes"><tr><td style="white-space:nowrap"><b>Code</b></td><td><b>Display</b></td><td><b>Definition</b></td></tr><tr><td style="white-space:nowrap">phenopacket<a name="document-type-phenopacket"> </a></td><td>Phenopacket</td><td>Phenopacket</td></tr><tr><td style="white-space:nowrap">cohort<a name="document-type-cohort"> </a></td><td>Cohort</td><td>Cohort</td></tr></table></div></text><url value="http://ga4gh.org/fhir/phenopackets/CodeSystem/document-type"/><version value="0.1.0"/><name value="DocumentType"/><title value="Document Type"/><status value="active"/><experimental value="false"/><date value="2019-11-29T14:40:16+10:00"/><publisher value="Global Alliance for Genomics and Health"/><contact><telecom><system value="url"/><value value="http://ga4gh.org"/></telecom></contact><description value="Represents the different types of documents in the Phenopackets standard."/><caseSensitive value="false"/><valueSet value="http://ga4gh.org/fhir/phenopackets/CodeSystem/document-type?vs"/><content value="complete"/><concept><code value="phenopacket"/><display value="Phenopacket"/><definition value="Phenopacket"/></concept><concept><code value="cohort"/><display value="Cohort"/><definition value="Cohort"/></concept></CodeSystem>