<?xml version="1.0" encoding="UTF-8"?><CodeSystem xmlns="http://hl7.org/fhir"><id value="SectionType"/><text><status value="generated"/><div xmlns="http://www.w3.org/1999/xhtml"><h2>Section Type</h2><div><p>Represents the different types of sections in the objects that are built as compositions in the Phenopackets standard.</p>
</div><p>This code system http://ga4gh.org/fhir/phenopackets/CodeSystem/SectionType defines the following codes:</p><table class="codes"><tr><td style="white-space:nowrap"><b>Code</b></td><td><b>Display</b></td><td><b>Definition</b></td></tr><tr><td style="white-space:nowrap">observations<a name="SectionType-observations"> </a></td><td>Observations</td><td/></tr><tr><td style="white-space:nowrap">encounters<a name="SectionType-encounters"> </a></td><td>Encounters</td><td/></tr><tr><td style="white-space:nowrap">diseases<a name="SectionType-diseases"> </a></td><td>Diseases</td><td/></tr><tr><td style="white-space:nowrap">biosamples<a name="SectionType-biosamples"> </a></td><td>Biosamples</td><td/></tr><tr><td style="white-space:nowrap">genomics-reports<a name="SectionType-genomics-reports"> </a></td><td>Genomics reports</td><td/></tr><tr><td style="white-space:nowrap">relatives<a name="SectionType-relatives"> </a></td><td>Relatives</td><td/></tr><tr><td style="white-space:nowrap">pedigree<a name="SectionType-pedigree"> </a></td><td>Pedigree</td><td/></tr><tr><td style="white-space:nowrap">hts-files<a name="SectionType-hts-files"> </a></td><td>HTS files</td><td/></tr><tr><td style="white-space:nowrap">members<a name="SectionType-members"> </a></td><td>Members</td><td/></tr><tr><td style="white-space:nowrap">phenotypic-features<a name="SectionType-phenotypic-features"> </a></td><td>Phenotypic features</td><td/></tr><tr><td style="white-space:nowrap">variants<a name="SectionType-variants"> </a></td><td>Variants</td><td/></tr></table></div></text><url value="http://ga4gh.org/fhir/phenopackets/CodeSystem/SectionType"/><version value="0.1.0"/><name value="SectionType"/><title value="Section Type"/><status value="active"/><date value="2020-02-14T16:13:10+10:00"/><publisher value="Alejandro Metke"/><contact><name value="Alejandro Metke"/></contact><description value="Represents the different types of sections in the objects that are built as compositions in the Phenopackets standard."/><content value="complete"/><concept><code value="observations"/><display value="Observations"/></concept><concept><code value="encounters"/><display value="Encounters"/></concept><concept><code value="diseases"/><display value="Diseases"/></concept><concept><code value="biosamples"/><display value="Biosamples"/></concept><concept><code value="genomics-reports"/><display value="Genomics reports"/></concept><concept><code value="relatives"/><display value="Relatives"/></concept><concept><code value="pedigree"/><display value="Pedigree"/></concept><concept><code value="hts-files"/><display value="HTS files"/></concept><concept><code value="members"/><display value="Members"/></concept><concept><code value="phenotypic-features"/><display value="Phenotypic features"/></concept><concept><code value="variants"/><display value="Variants"/></concept></CodeSystem>