<?xml version="1.0" encoding="UTF-8"?><CodeSystem xmlns="http://hl7.org/fhir"><id value="KaryotypicSex"/><text><status value="generated"/><div xmlns="http://www.w3.org/1999/xhtml"><h2>Karyotypic Sex</h2><div><p>Represents the chromosomal sex of an individual.</p>
</div><p>This code system http://ga4gh.org/fhir/phenopackets/CodeSystem/KaryotypicSex defines the following codes:</p><table class="codes"><tr><td style="white-space:nowrap"><b>Code</b></td><td><b>Display</b></td><td><b>Definition</b></td></tr><tr><td style="white-space:nowrap">UNKNOWN_KARYOTYPE<a name="KaryotypicSex-UNKNOWN_KARYOTYPE"> </a></td><td>Untyped or inconclusive karyotyping</td><td/></tr><tr><td style="white-space:nowrap">XX<a name="KaryotypicSex-XX"> </a></td><td>Female</td><td/></tr><tr><td style="white-space:nowrap">XY<a name="KaryotypicSex-XY"> </a></td><td>Male</td><td/></tr><tr><td style="white-space:nowrap">XO<a name="KaryotypicSex-XO"> </a></td><td>Single X chromosome only</td><td/></tr><tr><td style="white-space:nowrap">XXY<a name="KaryotypicSex-XXY"> </a></td><td>Two X and one Y chromosome</td><td/></tr><tr><td style="white-space:nowrap">XXX<a name="KaryotypicSex-XXX"> </a></td><td>Three X chromosomes</td><td/></tr><tr><td style="white-space:nowrap">XXYY<a name="KaryotypicSex-XXYY"> </a></td><td>Two X chromosomes and two Y chromosomes</td><td/></tr><tr><td style="white-space:nowrap">XXXY<a name="KaryotypicSex-XXXY"> </a></td><td>Three X chromosomes and one Y chromosome</td><td/></tr><tr><td style="white-space:nowrap">XXXX<a name="KaryotypicSex-XXXX"> </a></td><td>Four X chromosomes</td><td/></tr><tr><td style="white-space:nowrap">XYY<a name="KaryotypicSex-XYY"> </a></td><td>One X and two Y chromosomes</td><td/></tr><tr><td style="white-space:nowrap">OTHER_KARYOTYPE<a name="KaryotypicSex-OTHER_KARYOTYPE"> </a></td><td>None of the above types</td><td/></tr></table></div></text><url value="http://ga4gh.org/fhir/phenopackets/CodeSystem/KaryotypicSex"/><version value="0.1.0"/><name value="KaryotypicSex"/><title value="Karyotypic Sex"/><status value="active"/><date value="2020-02-14T16:13:10+10:00"/><publisher value="Alejandro Metke"/><contact><name value="Alejandro Metke"/></contact><description value="Represents the chromosomal sex of an individual."/><content value="complete"/><concept><code value="UNKNOWN_KARYOTYPE"/><display value="Untyped or inconclusive karyotyping"/></concept><concept><code value="XX"/><display value="Female"/></concept><concept><code value="XY"/><display value="Male"/></concept><concept><code value="XO"/><display value="Single X chromosome only"/></concept><concept><code value="XXY"/><display value="Two X and one Y chromosome"/></concept><concept><code value="XXX"/><display value="Three X chromosomes"/></concept><concept><code value="XXYY"/><display value="Two X chromosomes and two Y chromosomes"/></concept><concept><code value="XXXY"/><display value="Three X chromosomes and one Y chromosome"/></concept><concept><code value="XXXX"/><display value="Four X chromosomes"/></concept><concept><code value="XYY"/><display value="One X and two Y chromosomes"/></concept><concept><code value="OTHER_KARYOTYPE"/><display value="None of the above types"/></concept></CodeSystem>