<?xml version="1.0" encoding="UTF-8"?><CodeSystem xmlns="http://hl7.org/fhir"><id value="karyotypic-sex"/><text><status value="generated"/><div xmlns="http://www.w3.org/1999/xhtml"><h2>Karyotypic Sex</h2><div><p>Represents the chromosomal sex of an individual.</p>
</div><p>This code system http://ga4gh.org/fhir/phenopackets/CodeSystem/karyotypic-sex defines the following codes:</p><table class="codes"><tr><td style="white-space:nowrap"><b>Code</b></td><td><b>Display</b></td><td><b>Definition</b></td></tr><tr><td style="white-space:nowrap">UNKNOWN_KARYOTYPE<a name="karyotypic-sex-UNKNOWN_KARYOTYPE"> </a></td><td>Untyped or inconclusive karyotyping</td><td>Untyped or inconclusive karyotyping</td></tr><tr><td style="white-space:nowrap">XX<a name="karyotypic-sex-XX"> </a></td><td>Female</td><td>Female</td></tr><tr><td style="white-space:nowrap">XY<a name="karyotypic-sex-XY"> </a></td><td>Male</td><td>Male</td></tr><tr><td style="white-space:nowrap">XO<a name="karyotypic-sex-XO"> </a></td><td>Single X chromosome only</td><td>Single X chromosome only</td></tr><tr><td style="white-space:nowrap">XXY<a name="karyotypic-sex-XXY"> </a></td><td>Two X and one Y chromosome</td><td>Two X and one Y chromosome</td></tr><tr><td style="white-space:nowrap">XXX<a name="karyotypic-sex-XXX"> </a></td><td>Three X chromosomes</td><td>Three X chromosomes</td></tr><tr><td style="white-space:nowrap">XXYY<a name="karyotypic-sex-XXYY"> </a></td><td>Two X chromosomes and two Y chromosomes</td><td>Two X chromosomes and two Y chromosomes</td></tr><tr><td style="white-space:nowrap">XXXY<a name="karyotypic-sex-XXXY"> </a></td><td>Three X chromosomes and one Y chromosome</td><td>Three X chromosomes and one Y chromosome</td></tr><tr><td style="white-space:nowrap">XXXX<a name="karyotypic-sex-XXXX"> </a></td><td>Four X chromosomes</td><td>Four X chromosomes</td></tr><tr><td style="white-space:nowrap">XYY<a name="karyotypic-sex-XYY"> </a></td><td>One X and two Y chromosomes</td><td>One X and two Y chromosomes</td></tr><tr><td style="white-space:nowrap">OTHER_KARYOTYPE<a name="karyotypic-sex-OTHER_KARYOTYPE"> </a></td><td>None of the above types</td><td>None of the above types</td></tr></table></div></text><url value="http://ga4gh.org/fhir/phenopackets/CodeSystem/karyotypic-sex"/><version value="0.1.0"/><name value="KaryotypicSex"/><title value="Karyotypic Sex"/><status value="active"/><experimental value="false"/><date value="2019-12-02T08:48:39+10:00"/><publisher value="Global Alliance for Genomics and Health"/><contact><telecom><system value="url"/><value value="http://ga4gh.org"/></telecom></contact><description value="Represents the chromosomal sex of an individual."/><caseSensitive value="false"/><valueSet value="http://ga4gh.org/fhir/phenopackets/CodeSystem/karyotypic-sex?vs"/><content value="complete"/><concept><code value="UNKNOWN_KARYOTYPE"/><display value="Untyped or inconclusive karyotyping"/><definition value="Untyped or inconclusive karyotyping"/></concept><concept><code value="XX"/><display value="Female"/><definition value="Female"/></concept><concept><code value="XY"/><display value="Male"/><definition value="Male"/></concept><concept><code value="XO"/><display value="Single X chromosome only"/><definition value="Single X chromosome only"/></concept><concept><code value="XXY"/><display value="Two X and one Y chromosome"/><definition value="Two X and one Y chromosome"/></concept><concept><code value="XXX"/><display value="Three X chromosomes"/><definition value="Three X chromosomes"/></concept><concept><code value="XXYY"/><display value="Two X chromosomes and two Y chromosomes"/><definition value="Two X chromosomes and two Y chromosomes"/></concept><concept><code value="XXXY"/><display value="Three X chromosomes and one Y chromosome"/><definition value="Three X chromosomes and one Y chromosome"/></concept><concept><code value="XXXX"/><display value="Four X chromosomes"/><definition value="Four X chromosomes"/></concept><concept><code value="XYY"/><display value="One X and two Y chromosomes"/><definition value="One X and two Y chromosomes"/></concept><concept><code value="OTHER_KARYOTYPE"/><display value="None of the above types"/><definition value="None of the above types"/></concept></CodeSystem>