<?xml version="1.0" encoding="UTF-8"?><ImplementationGuide xmlns="http://hl7.org/fhir"><id value="ga4gh.fhir.phenopackets"/><text><status value="generated"/><div xmlns="http://www.w3.org/1999/xhtml"><h2>Phenopackets</h2><p>The official URL for this implementation guide is: </p><pre>http://ga4gh.org/fhir/phenopackets/ImplementationGuide/ga4gh.fhir.phenopackets</pre><div><p>An open standard for sharing disease and phenotype information will improve our ability to understand, diagnose, and treat both rare and common diseases. A PhenoPacket links detailed phenotype descriptions with disease, patient, and genetic information, enabling clinicians, biologists, and disease and drug researchers to build more complete models of disease. The standard is designed to encourage wide adoption and synergy between the people, organizations and systems that comprise the joint effort to address human disease and biological understanding.</p>
</div></div></text><url value="http://ga4gh.org/fhir/phenopackets/ImplementationGuide/ga4gh.fhir.phenopackets"/><version value="0.1.0"/><name value="Phenopackets"/><title value="Phenopackets"/><status value="draft"/><date value="2019-12-02T08:48:39+10:00"/><contact><name value="Alejandro Metke"/><telecom><system value="email"/><value value="alejandro.metke@csiro.au"/></telecom></contact><description value="An open standard for sharing disease and phenotype information will improve our ability to understand, diagnose, and treat both rare and common diseases. A PhenoPacket links detailed phenotype descriptions with disease, patient, and genetic information, enabling clinicians, biologists, and disease and drug researchers to build more complete models of disease. The standard is designed to encourage wide adoption and synergy between the people, organizations and systems that comprise the joint effort to address human disease and biological understanding."/><packageId value="ga4gh.fhir.phenopackets"/><license value="CC0-1.0"/><fhirVersion value="4.0.1"/><dependsOn><uri value="http://hl7.org/fhir/uv/genomics-reporting"/><packageId value="hl7.fhir.uv.genomics-reporting"/><version value="1.0.0"/></dependsOn><definition><resource><extension url="http://hl7.org/fhir/StructureDefinition/implementationguide-page"><valueUri value="CodeSystem-affected-status.html"/></extension><reference><reference value="CodeSystem/affected-status"/><display value="Affected Status Code System"/></reference></resource><resource><extension url="http://hl7.org/fhir/StructureDefinition/implementationguide-page"><valueUri value="CodeSystem-document-type.html"/></extension><reference><reference value="CodeSystem/document-type"/><display value="Document Type Code System"/></reference></resource><resource><extension url="http://hl7.org/fhir/StructureDefinition/implementationguide-page"><valueUri value="CodeSystem-family-member-type.html"/></extension><reference><reference value="CodeSystem/family-member-type"/><display value="Family Member Type Code System"/></reference></resource><resource><extension url="http://hl7.org/fhir/StructureDefinition/implementationguide-page"><valueUri value="CodeSystem-hts-format.html"/></extension><reference><reference value="CodeSystem/hts-format"/><display value="HTS Format Code System"/></reference></resource><resource><extension url="http://hl7.org/fhir/StructureDefinition/implementationguide-page"><valueUri value="CodeSystem-karyotypic-sex.html"/></extension><reference><reference value="CodeSystem/karyotypic-sex"/><display value="Karyotypic Sex Code System"/></reference></resource><resource><extension url="http://hl7.org/fhir/StructureDefinition/implementationguide-page"><valueUri value="CodeSystem-section-type.html"/></extension><reference><reference value="CodeSystem/section-type"/><display value="Section Type Code System"/></reference></resource><resource><extension url="http://hl7.org/fhir/StructureDefinition/implementationguide-page"><valueUri value="StructureDefinition-biosample-control.html"/></extension><reference><reference value="StructureDefinition/biosample-control"/><display value="Biosample Control Extension"/></reference></resource><resource><extension url="http://hl7.org/fhir/StructureDefinition/implementationguide-page"><valueUri value="StructureDefinition-biosample-diagnostic-markers.html"/></extension><reference><reference value="StructureDefinition/biosample-diagnostic-markers"/><display value="Biosample Diagnostic Markers Extension"/></reference></resource><resource><extension url="http://hl7.org/fhir/StructureDefinition/implementationguide-page"><valueUri value="StructureDefinition-biosample-histological-diagnosis.html"/></extension><reference><reference value="StructureDefinition/biosample-histological-diagnosis"/><display value="Histological Diagnosis Extension"/></reference></resource><resource><extension url="http://hl7.org/fhir/StructureDefinition/implementationguide-page"><valueUri value="StructureDefinition-biosample-individual-age-at-collection.html"/></extension><reference><reference value="StructureDefinition/biosample-individual-age-at-collection"/><display value="Biosample Individual Age at Collection Extension"/></reference></resource><resource><extension url="http://hl7.org/fhir/StructureDefinition/implementationguide-page"><valueUri value="StructureDefinition-biosample-tumor-grade.html"/></extension><reference><reference value="StructureDefinition/biosample-tumor-grade"/><display value="Biosample Tumor Grade Extension"/></reference></resource><resource><extension url="http://hl7.org/fhir/StructureDefinition/implementationguide-page"><valueUri value="StructureDefinition-biosample-tumor-progression.html"/></extension><reference><reference value="StructureDefinition/biosample-tumor-progression"/><display value="Biosample Tumor Progression Extension"/></reference></resource><resource><extension url="http://hl7.org/fhir/StructureDefinition/implementationguide-page"><valueUri value="StructureDefinition-Biosample.html"/></extension><reference><reference value="StructureDefinition/Biosample"/><display value="Biosample Profile"/></reference></resource><resource><extension url="http://hl7.org/fhir/StructureDefinition/implementationguide-page"><valueUri value="StructureDefinition-Cohort.html"/></extension><reference><reference value="StructureDefinition/Cohort"/><display value="Cohort Profile"/></reference></resource><resource><extension url="http://hl7.org/fhir/StructureDefinition/implementationguide-page"><valueUri value="StructureDefinition-disease-onset.html"/></extension><reference><reference value="StructureDefinition/disease-onset"/><display value="Disease Onset Extension"/></reference></resource><resource><extension url="http://hl7.org/fhir/StructureDefinition/implementationguide-page"><valueUri value="StructureDefinition-disease-tumor-stage.html"/></extension><reference><reference value="StructureDefinition/disease-tumor-stage"/><display value="Disease Tumor Stage Extension"/></reference></resource><resource><extension url="http://hl7.org/fhir/StructureDefinition/implementationguide-page"><valueUri value="StructureDefinition-Disease.html"/></extension><reference><reference value="StructureDefinition/Disease"/><display value="Disease Profile"/></reference></resource><resource><extension url="http://hl7.org/fhir/StructureDefinition/implementationguide-page"><valueUri value="StructureDefinition-evidence.html"/></extension><reference><reference value="StructureDefinition/evidence"/><display value="Evidence Extension"/></reference></resource><resource><extension url="http://hl7.org/fhir/StructureDefinition/implementationguide-page"><valueUri value="StructureDefinition-external-reference.html"/></extension><reference><reference value="StructureDefinition/external-reference"/><display value="External Reference Extension"/></reference></resource><resource><extension url="http://hl7.org/fhir/StructureDefinition/implementationguide-page"><valueUri value="StructureDefinition-family-member-phenopacket.html"/></extension><reference><reference value="StructureDefinition/family-member-phenopacket"/><display value="Family Member Phenopacket Extension"/></reference></resource><resource><extension url="http://hl7.org/fhir/StructureDefinition/implementationguide-page"><valueUri value="StructureDefinition-family-member-type.html"/></extension><reference><reference value="StructureDefinition/family-member-type"/><display value="Family Member Type Extension"/></reference></resource><resource><extension url="http://hl7.org/fhir/StructureDefinition/implementationguide-page"><valueUri value="StructureDefinition-Family.html"/></extension><reference><reference value="StructureDefinition/Family"/><display value="Family Profile"/></reference></resource><resource><extension url="http://hl7.org/fhir/StructureDefinition/implementationguide-page"><valueUri value="StructureDefinition-htsfile-genome-assembly.html"/></extension><reference><reference value="StructureDefinition/htsfile-genome-assembly"/><display value="HTS File Genome Assembly Extension"/></reference></resource><resource><extension url="http://hl7.org/fhir/StructureDefinition/implementationguide-page"><valueUri value="StructureDefinition-HtsFile.html"/></extension><reference><reference value="StructureDefinition/HtsFile"/><display value="HTS File Profile"/></reference></resource><resource><extension url="http://hl7.org/fhir/StructureDefinition/implementationguide-page"><valueUri value="StructureDefinition-htsfiles.html"/></extension><reference><reference value="StructureDefinition/htsfiles"/><display value="HTS Files Extension"/></reference></resource><resource><extension url="http://hl7.org/fhir/StructureDefinition/implementationguide-page"><valueUri value="StructureDefinition-individual-age.html"/></extension><reference><reference value="StructureDefinition/individual-age"/><display value="Individual Age Extension"/></reference></resource><resource><extension url="http://hl7.org/fhir/StructureDefinition/implementationguide-page"><valueUri value="StructureDefinition-individual-karyotypic-sex.html"/></extension><reference><reference value="StructureDefinition/individual-karyotypic-sex"/><display value="Individual Karyotypic Sex Extension"/></reference></resource><resource><extension url="http://hl7.org/fhir/StructureDefinition/implementationguide-page"><valueUri value="StructureDefinition-individual-taxonomy.html"/></extension><reference><reference value="StructureDefinition/individual-taxonomy"/><display value="Individual Taxonomy Extension"/></reference></resource><resource><extension url="http://hl7.org/fhir/StructureDefinition/implementationguide-page"><valueUri value="StructureDefinition-Individual.html"/></extension><reference><reference value="StructureDefinition/Individual"/><display value="Individual Profile"/></reference></resource><resource><extension url="http://hl7.org/fhir/StructureDefinition/implementationguide-page"><valueUri value="StructureDefinition-interpretation-phenopacket.html"/></extension><reference><reference value="StructureDefinition/interpretation-phenopacket"/><display value="Interpretation Phenopacket Extension"/></reference></resource><resource><extension url="http://hl7.org/fhir/StructureDefinition/implementationguide-page"><valueUri value="StructureDefinition-Interpretation.html"/></extension><reference><reference value="StructureDefinition/Interpretation"/><display value="Interpretation Profile"/></reference></resource><resource><extension url="http://hl7.org/fhir/StructureDefinition/implementationguide-page"><valueUri value="StructureDefinition-pedigree-node-affected-status.html"/></extension><reference><reference value="StructureDefinition/pedigree-node-affected-status"/><display value="Affected Status Extension"/></reference></resource><resource><extension url="http://hl7.org/fhir/StructureDefinition/implementationguide-page"><valueUri value="StructureDefinition-pedigree-node-family-identifier.html"/></extension><reference><reference value="StructureDefinition/pedigree-node-family-identifier"/><display value="Family Identifier Extension"/></reference></resource><resource><extension url="http://hl7.org/fhir/StructureDefinition/implementationguide-page"><valueUri value="StructureDefinition-pedigree-node-individual.html"/></extension><reference><reference value="StructureDefinition/pedigree-node-individual"/><display value="Pedigree Node Individual Extension"/></reference></resource><resource><extension url="http://hl7.org/fhir/StructureDefinition/implementationguide-page"><valueUri value="StructureDefinition-pedigree-node.html"/></extension><reference><reference value="StructureDefinition/pedigree-node"/><display value="Pedigree Node Extension"/></reference></resource><resource><extension url="http://hl7.org/fhir/StructureDefinition/implementationguide-page"><valueUri value="StructureDefinition-PedigreeNode.html"/></extension><reference><reference value="StructureDefinition/PedigreeNode"/><display value="Pedigree Node Profile"/></reference></resource><resource><extension url="http://hl7.org/fhir/StructureDefinition/implementationguide-page"><valueUri value="StructureDefinition-Phenopacket.html"/></extension><reference><reference value="StructureDefinition/Phenopacket"/><display value="Phenopacket Profile"/></reference></resource><resource><extension url="http://hl7.org/fhir/StructureDefinition/implementationguide-page"><valueUri value="StructureDefinition-phenotypic-feature-modifier.html"/></extension><reference><reference value="StructureDefinition/phenotypic-feature-modifier"/><display value="Phenotypic Feature Modifier Extension"/></reference></resource><resource><extension url="http://hl7.org/fhir/StructureDefinition/implementationguide-page"><valueUri value="StructureDefinition-phenotypic-feature-onset.html"/></extension><reference><reference value="StructureDefinition/phenotypic-feature-onset"/><display value="Phenotypic Feature Onset Extension"/></reference></resource><resource><extension url="http://hl7.org/fhir/StructureDefinition/implementationguide-page"><valueUri value="StructureDefinition-phenotypic-feature-severity.html"/></extension><reference><reference value="StructureDefinition/phenotypic-feature-severity"/><display value="Phenotypic Feature Severity Extension"/></reference></resource><resource><extension url="http://hl7.org/fhir/StructureDefinition/implementationguide-page"><valueUri value="StructureDefinition-PhenotypicFeature.html"/></extension><reference><reference value="StructureDefinition/PhenotypicFeature"/><display value="Phenotypic Feature Profile"/></reference></resource><resource><extension url="http://hl7.org/fhir/StructureDefinition/implementationguide-page"><valueUri value="StructureDefinition-variants.html"/></extension><reference><reference value="StructureDefinition/variants"/><display value="Variants Extension"/></reference></resource><resource><extension url="http://hl7.org/fhir/StructureDefinition/implementationguide-page"><valueUri value="ValueSet-diagnostic-markers.html"/></extension><reference><reference value="ValueSet/diagnostic-markers"/><display value="Diagnostic Markers Value Set"/></reference></resource><resource><extension url="http://hl7.org/fhir/StructureDefinition/implementationguide-page"><valueUri value="ValueSet-evidence.html"/></extension><reference><reference value="ValueSet/evidence"/><display value="Evidence Value Set"/></reference></resource><resource><extension url="http://hl7.org/fhir/StructureDefinition/implementationguide-page"><valueUri value="ValueSet-family-member-type.html"/></extension><reference><reference value="ValueSet/family-member-type"/><display value="Family Member Type Value Set"/></reference></resource><resource><extension url="http://hl7.org/fhir/StructureDefinition/implementationguide-page"><valueUri value="ValueSet-histological-diagnosis.html"/></extension><reference><reference value="ValueSet/histological-diagnosis"/><display value="Histological Diagnosis Value Set"/></reference></resource><resource><extension url="http://hl7.org/fhir/StructureDefinition/implementationguide-page"><valueUri value="ValueSet-hts-format.html"/></extension><reference><reference value="ValueSet/hts-format"/><display value="HTS Format Value Set"/></reference></resource><resource><extension url="http://hl7.org/fhir/StructureDefinition/implementationguide-page"><valueUri value="ValueSet-karyotypic-sex.html"/></extension><reference><reference value="ValueSet/karyotypic-sex"/><display value="Karyotypic Sex Value Set"/></reference></resource><resource><extension url="http://hl7.org/fhir/StructureDefinition/implementationguide-page"><valueUri value="ValueSet-onset.html"/></extension><reference><reference value="ValueSet/onset"/><display value="Onset Value Set"/></reference></resource><resource><extension url="http://hl7.org/fhir/StructureDefinition/implementationguide-page"><valueUri value="ValueSet-pedigree-affected-status.html"/></extension><reference><reference value="ValueSet/pedigree-affected-status"/><display value="Pedigree Affected Status Value Set"/></reference></resource><resource><extension url="http://hl7.org/fhir/StructureDefinition/implementationguide-page"><valueUri value="ValueSet-phenotypic-feature-interpretation.html"/></extension><reference><reference value="ValueSet/phenotypic-feature-interpretation"/><display value="Presence Value Set"/></reference></resource><resource><extension url="http://hl7.org/fhir/StructureDefinition/implementationguide-page"><valueUri value="ValueSet-phenotypic-feature-modifier.html"/></extension><reference><reference value="ValueSet/phenotypic-feature-modifier"/><display value="Phenotypic Feature Modifier Value Set"/></reference></resource><resource><extension url="http://hl7.org/fhir/StructureDefinition/implementationguide-page"><valueUri value="ValueSet-phenotypic-feature-severity.html"/></extension><reference><reference value="ValueSet/phenotypic-feature-severity"/><display value="Phenotypic Feature Severity Value Set"/></reference></resource><resource><extension url="http://hl7.org/fhir/StructureDefinition/implementationguide-page"><valueUri value="ValueSet-phenotypic-feature-type.html"/></extension><reference><reference value="ValueSet/phenotypic-feature-type"/><display value="Phenotype Type Value Set"/></reference></resource><resource><extension url="http://hl7.org/fhir/StructureDefinition/implementationguide-page"><valueUri value="ValueSet-taxonomy.html"/></extension><reference><reference value="ValueSet/taxonomy"/><display value="Taxonomy Value Set"/></reference></resource><resource><extension url="http://hl7.org/fhir/StructureDefinition/implementationguide-page"><valueUri value="ValueSet-tumor-grade.html"/></extension><reference><reference value="ValueSet/tumor-grade"/><display value="Tumor Grade Value Set"/></reference></resource><resource><extension url="http://hl7.org/fhir/StructureDefinition/implementationguide-page"><valueUri value="ValueSet-tumor-progression.html"/></extension><reference><reference value="ValueSet/tumor-progression"/><display value="Tumor Progression Value Set"/></reference></resource><resource><extension url="http://hl7.org/fhir/StructureDefinition/implementationguide-page"><valueUri value="ValueSet-tumor-stage.html"/></extension><reference><reference value="ValueSet/tumor-stage"/><display value="Tumor Stage Value Set"/></reference></resource><page><nameUrl value="toc.md"/><title value="Table of Contents"/><generation value="generated"/><page><nameUrl value="Home.html"/><title value="Home"/><generation value="markdown"/><page><nameUrl value="Overview.html"/><title value="Overview"/><generation value="markdown"/></page></page><page><nameUrl value="Introduction.html"/><title value="Introduction"/><generation value="markdown"/><page><nameUrl value="Purpose_Content_and_Organization.html"/><title value="Purpose Content and Organization"/><generation value="markdown"/></page><page><nameUrl value="About_FHIR.html"/><title value="About FHIR"/><generation value="markdown"/></page><page><nameUrl value="About_Supporting_Specifications.html"/><title value="About Supporting Specifications"/><generation value="markdown"/></page></page><page><nameUrl value="Credits.html"/><title value="Credits"/><generation value="markdown"/></page></page></definition></ImplementationGuide>