<?xml version="1.0" encoding="UTF-8"?><ValueSet xmlns="http://hl7.org/fhir"><id value="units-of-length"/><text><status value="generated"/><div xmlns="http://www.w3.org/1999/xhtml"><h2>Units Of Length</h2><div><p>Units of measure related to length or distance.</p>
</div><p>This value set includes codes from the following code systems:</p><ul><li>Include these codes as defined in <a href="http://unitsofmeasure.org"><code>http://unitsofmeasure.org</code></a><table class="none"><tr><td style="white-space:nowrap"><b>Code</b></td><td><b>Display</b></td></tr><tr><td>pm</td><td>Picometer</td><td/></tr><tr><td>nm</td><td>Nanometer</td><td/></tr><tr><td>mm</td><td>Millimeter</td><td/></tr><tr><td>cm</td><td>Centimeter</td><td/></tr><tr><td>m</td><td>Meter</td><td/></tr><tr><td>ft-us</td><td>Foot</td><td/></tr><tr><td>in-us</td><td>Inch</td><td/></tr></table></li></ul></div></text><url value="http://ga4gh.org/fhir/phenopackets/ValueSet/units-of-length"/><version value="0.1.0"/><name value="UnitsOfLength"/><title value="Units Of Length"/><status value="draft"/><experimental value="false"/><date value="2019-10-18T20:32:59+10:00"/><publisher value="Global Alliance for Genomics and Health"/><contact><telecom><system value="url"/><value value="http://ga4gh.org"/></telecom></contact><description value="Units of measure related to length or distance."/><compose><include><system value="http://unitsofmeasure.org"/><concept><code value="pm"/><display value="Picometer"/></concept><concept><code value="nm"/><display value="Nanometer"/></concept><concept><code value="mm"/><display value="Millimeter"/></concept><concept><code value="cm"/><display value="Centimeter"/></concept><concept><code value="m"/><display value="Meter"/></concept><concept><code value="ft-us"/><display value="Foot"/></concept><concept><code value="in-us"/><display value="Inch"/></concept></include></compose></ValueSet>