<?xml version="1.0" encoding="UTF-8"?><ValueSet xmlns="http://hl7.org/fhir"><id value="HistologicalDiagnosis"/><text><status value="generated"/><div xmlns="http://www.w3.org/1999/xhtml"><h2>HistologicalDiagnosis</h2><div><p>Histological diagnosis codes from NCIT.</p>
</div><p>This value set includes codes from the following code systems:</p><ul><li>Include codes from <code>http://purl.obolibrary.org/obo/ncit.owl</code> where concept  descends from  NCIT:C28101 (Disease Laboratory Finding Qualifier)</li><li>Include codes from <code>http://purl.obolibrary.org/obo/ncit.owl</code> where concept  descends from  NCIT:C2991 (Disease or Disorder)</li></ul></div></text><url value="http://ga4gh.org/fhir/phenopackets/ValueSet/HistologicalDiagnosis"/><version value="0.1.0"/><name value="HistologicalDiagnosis"/><title value="HistologicalDiagnosis"/><status value="active"/><date value="2020-02-14T16:13:10+10:00"/><publisher value="Alejandro Metke"/><contact><name value="Alejandro Metke"/></contact><description value="Histological diagnosis codes from NCIT."/><compose><include><system value="http://purl.obolibrary.org/obo/ncit.owl"/><filter><property value="concept"/><op value="descendent-of"/><value value="NCIT:C28101"/></filter></include><include><system value="http://purl.obolibrary.org/obo/ncit.owl"/><filter><property value="concept"/><op value="descendent-of"/><value value="NCIT:C2991"/></filter></include></compose></ValueSet>