<?xml version="1.0" encoding="UTF-8"?><ValueSet xmlns="http://hl7.org/fhir"><id value="phenotypic-feature-severity"/><text><status value="generated"/><div xmlns="http://www.w3.org/1999/xhtml"><h2>Phenotypic Feature Severity</h2><div><p>Phenotypic feature severity codes from the Human Phenotype Ontology and SNOMED CT.</p>
</div><p>This value set includes codes from the following code systems:</p><ul><li>Include codes from <code>http://purl.obolibrary.org/obo/hp.owl</code> where concept  descends from  HP:0012824</li><li>Include codes from <a href="http://www.snomed.org/"><code>http://snomed.info/sct</code></a> where concept  descends from  272141005</li></ul></div></text><url value="http://ga4gh.org/fhir/phenopackets/ValueSet/phenotypic-feature-severity"/><version value="0.1.0"/><name value="PhenotypicFeatureSeverity"/><title value="Phenotypic Feature Severity"/><status value="draft"/><experimental value="false"/><date value="2019-12-02T08:48:39+10:00"/><publisher value="Global Alliance for Genomics and Health"/><contact><telecom><system value="url"/><value value="http://ga4gh.org"/></telecom></contact><description value="Phenotypic feature severity codes from the Human Phenotype Ontology and SNOMED CT."/><compose><include><system value="http://purl.obolibrary.org/obo/hp.owl"/><filter><property value="concept"/><op value="descendent-of"/><value value="HP:0012824"/></filter></include><include><system value="http://snomed.info/sct"/><filter><property value="concept"/><op value="descendent-of"/><value value="272141005"/></filter></include></compose></ValueSet>