<?xml version="1.0" encoding="UTF-8"?><ValueSet xmlns="http://hl7.org/fhir"><id value="histological-diagnosis"/><text><status value="generated"/><div xmlns="http://www.w3.org/1999/xhtml"><h2>HistologicalDiagnosis</h2><div><p>Histological diagnosis codes from NCIT.</p>
</div><p>This value set includes codes from the following code systems:</p><ul><li>Include codes from <code>http://purl.obolibrary.org/obo/ncit.owl</code> where concept  descends from  NCIT:C28101</li><li>Include codes from <code>http://purl.obolibrary.org/obo/ncit.owl</code> where concept  descends from  NCIT:C2991</li></ul></div></text><url value="http://ga4gh.org/fhir/phenopackets/ValueSet/histological-diagnosis"/><version value="0.1.0"/><name value="HistologicalDiagnosis"/><title value="HistologicalDiagnosis"/><status value="draft"/><experimental value="false"/><date value="2019-12-02T08:48:39+10:00"/><publisher value="Global Alliance for Genomics and Health"/><contact><telecom><system value="url"/><value value="http://ga4gh.org"/></telecom></contact><description value="Histological diagnosis codes from NCIT."/><compose><include><system value="http://purl.obolibrary.org/obo/ncit.owl"/><filter><property value="concept"/><op value="descendent-of"/><value value="NCIT:C28101"/></filter></include><include><system value="http://purl.obolibrary.org/obo/ncit.owl"/><filter><property value="concept"/><op value="descendent-of"/><value value="NCIT:C2991"/></filter></include></compose></ValueSet>