<?xml version="1.0" encoding="UTF-8"?><ValueSet xmlns="http://hl7.org/fhir"><id value="KaryotypicSex"/><text><status value="generated"/><div xmlns="http://www.w3.org/1999/xhtml"><h2>Karyotypic Sex</h2><div><p>Represents the chromosomal sex of an individual.</p>
</div><p>This value set includes codes from the following code systems:</p><ul><li>Include all codes defined in <a href="CodeSystem-KaryotypicSex.html"><code>http://ga4gh.org/fhir/phenopackets/CodeSystem/KaryotypicSex</code></a></li></ul></div></text><url value="http://ga4gh.org/fhir/phenopackets/ValueSet/KaryotypicSex"/><version value="0.1.0"/><name value="KaryotypicSex"/><title value="Karyotypic Sex"/><status value="active"/><date value="2020-02-14T16:13:10+10:00"/><publisher value="Alejandro Metke"/><contact><name value="Alejandro Metke"/></contact><description value="Represents the chromosomal sex of an individual."/><compose><include><system value="http://ga4gh.org/fhir/phenopackets/CodeSystem/KaryotypicSex"/></include></compose></ValueSet>