<?xml version="1.0" encoding="UTF-8"?><ValueSet xmlns="http://hl7.org/fhir"><id value="PhenotypicFeatureType"/><text><status value="generated"/><div xmlns="http://www.w3.org/1999/xhtml"><h2>Phenotypic Feature Type</h2><div><p>The primary ontology class which describes the phenotype.</p>
</div><p>This value set includes codes from the following code systems:</p><ul><li>Include codes from <code>http://purl.obolibrary.org/obo/hp.owl</code> where concept  descends from  HP:0000118 (Phenotypic abnormality)</li><li>Include codes from <a href="http://www.snomed.org/"><code>http://snomed.info/sct</code></a> where concept  descends from  404684003 (Clinical finding)</li></ul></div></text><url value="http://ga4gh.org/fhir/phenopackets/ValueSet/PhenotypicFeatureType"/><version value="0.1.0"/><name value="PhenotypicFeatureType"/><title value="Phenotypic Feature Type"/><status value="active"/><date value="2020-02-14T16:13:10+10:00"/><publisher value="Alejandro Metke"/><contact><name value="Alejandro Metke"/></contact><description value="The primary ontology class which describes the phenotype."/><compose><include><system value="http://purl.obolibrary.org/obo/hp.owl"/><filter><property value="concept"/><op value="descendent-of"/><value value="HP:0000118"/></filter></include><include><system value="http://snomed.info/sct"/><filter><property value="concept"/><op value="descendent-of"/><value value="404684003"/></filter></include></compose></ValueSet>