<?xml version="1.0" encoding="UTF-8"?><ValueSet xmlns="http://hl7.org/fhir"><id value="AffectedStatus"/><text><status value="generated"/><div xmlns="http://www.w3.org/1999/xhtml"><h2>Affected Status</h2><div><p>An enumeration used to represent whether a person is affected by a condition of interest in the context of a pedigree.</p>
</div><p>This value set includes codes from the following code systems:</p><ul><li>Include all codes defined in <a href="CodeSystem-AffectedStatus.html"><code>http://ga4gh.org/fhir/phenopackets/CodeSystem/AffectedStatus</code></a></li></ul></div></text><url value="http://ga4gh.org/fhir/phenopackets/ValueSet/AffectedStatus"/><version value="0.1.0"/><name value="AffectedStatus"/><title value="Affected Status"/><status value="active"/><date value="2020-02-14T16:13:10+10:00"/><publisher value="Alejandro Metke"/><contact><name value="Alejandro Metke"/></contact><description value="An enumeration used to represent whether a person is affected by a condition of interest in the context of a pedigree."/><compose><include><system value="http://ga4gh.org/fhir/phenopackets/CodeSystem/AffectedStatus"/></include></compose></ValueSet>