<?xml version="1.0" encoding="UTF-8"?><ValueSet xmlns="http://hl7.org/fhir"><id value="phenotypic-feature-modifier"/><text><status value="generated"/><div xmlns="http://www.w3.org/1999/xhtml"><h2>Phenotypic Feature Modifier</h2><div><p>Clinical modifier codes from the Human Phenotype Ontology. TODO: include corresponding codes from SNOMED CT.</p>
</div><p>This value set includes codes from the following code systems:</p><ul><li>Include codes from <code>http://purl.obolibrary.org/obo/hp.owl</code> where concept  descends from  HP:0012823</li><li>Include codes from <code>http://purl.obolibrary.org/obo/hp.owl</code> where concept  descends from  HP:0031797</li></ul></div></text><url value="http://ga4gh.org/fhir/phenopackets/ValueSet/phenotypic-feature-modifier"/><version value="0.1.0"/><name value="PhenotypicFeatureModifier"/><title value="Phenotypic Feature Modifier"/><status value="draft"/><experimental value="false"/><date value="2019-11-29T14:40:16+10:00"/><publisher value="Global Alliance for Genomics and Health"/><contact><telecom><system value="url"/><value value="http://ga4gh.org"/></telecom></contact><description value="Clinical modifier codes from the Human Phenotype Ontology. TODO: include corresponding codes from SNOMED CT."/><compose><include><system value="http://purl.obolibrary.org/obo/hp.owl"/><filter><property value="concept"/><op value="descendent-of"/><value value="HP:0012823"/></filter></include><include><system value="http://purl.obolibrary.org/obo/hp.owl"/><filter><property value="concept"/><op value="descendent-of"/><value value="HP:0031797"/></filter></include></compose></ValueSet>