<?xml version="1.0" encoding="UTF-8"?><ValueSet xmlns="http://hl7.org/fhir"><id value="evidence"/><text><status value="generated"/><div xmlns="http://www.w3.org/1999/xhtml"><h2>Evidence</h2><div><p>Codes from the Evidence &amp; Conclusion Ontology.</p>
</div><p>This value set includes codes from the following code systems:</p><ul><li>Include all codes defined in <code>http://purl.obolibrary.org/obo/eco.owl</code></li></ul></div></text><url value="http://ga4gh.org/fhir/phenopackets/ValueSet/evidence"/><version value="0.1.0"/><name value="Evidence"/><title value="Evidence"/><status value="draft"/><experimental value="false"/><date value="2019-12-02T08:48:39+10:00"/><publisher value="Global Alliance for Genomics and Health"/><contact><telecom><system value="url"/><value value="http://ga4gh.org"/></telecom></contact><description value="Codes from the Evidence &amp; Conclusion Ontology."/><compose><include><system value="http://purl.obolibrary.org/obo/eco.owl"/></include></compose></ValueSet>