<?xml version="1.0" encoding="UTF-8"?><ValueSet xmlns="http://hl7.org/fhir"><id value="cancer-body-location"/><text><status value="generated"/><div xmlns="http://www.w3.org/1999/xhtml"><h2>Cancer Body Location</h2><div><p>Codes describing the location(s) of primary or secondary cancer. The value set includes all codes from the SNOMED CT body structure hierarchy (codes descending from 123037004 &#39;Body Structure&#39;). The cancer body location may also be expressed using ICD-O-3 topography codes, however, those codes are not included here due to intellectual property restrictions. No other code systems are considered conformant.</p>
</div><p>This value set includes codes from the following code systems:</p><ul><li>Include codes from <a href="http://www.snomed.org/"><code>http://snomed.info/sct</code></a> where concept  is-a  123037004</li></ul></div></text><url value="http://ga4gh.org/fhir/phenopackets/ValueSet/cancer-body-location"/><version value="0.1.0"/><name value="CancerBodyLocation"/><title value="Cancer Body Location"/><status value="draft"/><experimental value="false"/><date value="2019-10-18T20:32:59+10:00"/><publisher value="Global Alliance for Genomics and Health"/><contact><telecom><system value="url"/><value value="http://ga4gh.org"/></telecom></contact><description value="Codes describing the location(s) of primary or secondary cancer. The value set includes all codes from the SNOMED CT body structure hierarchy (codes descending from 123037004 &#39;Body Structure&#39;). The cancer body location may also be expressed using ICD-O-3 topography codes, however, those codes are not included here due to intellectual property restrictions. No other code systems are considered conformant."/><compose><include><system value="http://snomed.info/sct"/><filter><property value="concept"/><op value="is-a"/><value value="123037004"/></filter></include></compose></ValueSet>