<?xml version="1.0" encoding="UTF-8"?><ValueSet xmlns="http://hl7.org/fhir"><id value="phenotypic-feature-interpretation"/><text><status value="generated"/><div xmlns="http://www.w3.org/1999/xhtml"><h2>Phenotypic Feature Interpretation</h2><div><p>Concepts to indicate the interpretation of a phenotypic feature (present or absent).</p>
</div><p>This value set includes codes from the following code systems:</p><ul><li>Include these codes as defined in <a href="http://hl7.org/fhir/R4/v3/ObservationInterpretation/cs.html"><code>http://terminology.hl7.org/CodeSystem/v3-ObservationInterpretation</code></a><table class="none"><tr><td style="white-space:nowrap"><b>Code</b></td><td><b>Display</b></td></tr><tr><td><a href="http://hl7.org/fhir/R4/v3/ObservationInterpretation/cs.html#v3-ObservationInterpretation-NEG">NEG</a></td><td>Negative</td><td>An absence finding of the specified component / analyte, organism or clinical sign based on the established threshold of the performed test or procedure.<br/>
                        [Note: Negative does not necessarily imply the complete absence of the specified item.]</td></tr><tr><td><a href="http://hl7.org/fhir/R4/v3/ObservationInterpretation/cs.html#v3-ObservationInterpretation-POS">POS</a></td><td>Positive</td><td>A presence finding of the specified component / analyte, organism or clinical sign based on the established threshold of the performed test or procedure.</td></tr></table></li></ul></div></text><url value="http://ga4gh.org/fhir/phenopackets/ValueSet/phenotypic-feature-interpretation"/><version value="0.1.0"/><name value="PhenotypicFeatureInterpretation"/><title value="Phenotypic Feature Interpretation"/><status value="draft"/><experimental value="false"/><date value="2019-10-18T20:32:59+10:00"/><publisher value="Global Alliance for Genomics and Health"/><contact><telecom><system value="url"/><value value="http://ga4gh.org"/></telecom></contact><description value="Concepts to indicate the interpretation of a phenotypic feature (present or absent)."/><compose><include><system value="http://terminology.hl7.org/CodeSystem/v3-ObservationInterpretation"/><concept><code value="NEG"/><display value="Negative"/></concept><concept><code value="POS"/><display value="Positive"/></concept></include></compose></ValueSet>