<?xml version="1.0" encoding="UTF-8"?>

<CodeSystem xmlns="http://hl7.org/fhir">
  <id value="AffectedStatus"/>
  <text>
    <status value="generated"/><div xmlns="http://www.w3.org/1999/xhtml"><h2>Affected Status</h2><div><p>An enumeration used to represent whether a person is affected by a condition of interest in the context of a pedigree.</p>
</div><p>This code system http://ga4gh.org/fhir/phenopackets/CodeSystem/AffectedStatus defines the following codes:</p><table class="codes"><tr><td style="white-space:nowrap"><b>Code</b></td><td><b>Display</b></td><td><b>Definition</b></td></tr><tr><td style="white-space:nowrap">missing<a name="AffectedStatus-missing"> </a></td><td>Missing</td><td/></tr><tr><td style="white-space:nowrap">unaffected<a name="AffectedStatus-unaffected"> </a></td><td>Unaffected</td><td/></tr><tr><td style="white-space:nowrap">Affected<a name="AffectedStatus-Affected"> </a></td><td>Affected</td><td/></tr></table></div>
  </text>
  <url value="http://ga4gh.org/fhir/phenopackets/CodeSystem/AffectedStatus"/>
  <version value="0.1.0"/>
  <name value="AffectedStatus"/>
  <title value="Affected Status"/>
  <status value="active"/>
  <date value="2020-02-14T16:13:10+10:00"/>
  <publisher value="Alejandro Metke"/>
  <contact>
    <name value="Alejandro Metke"/>
  </contact>
  <description value="An enumeration used to represent whether a person is affected by a condition of interest in the context of a pedigree."/>
  <content value="complete"/>
  <concept>
    <code value="missing"/>
    <display value="Missing"/>
  </concept>
  <concept>
    <code value="unaffected"/>
    <display value="Unaffected"/>
  </concept>
  <concept>
    <code value="Affected"/>
    <display value="Affected"/>
  </concept>
</CodeSystem>