{
  "resourceType": "CodeSystem",
  "id": "AffectedStatus",
  "text": {
    "status": "generated",
    "div": "<div xmlns=\"http://www.w3.org/1999/xhtml\"><h2>Affected Status</h2><div><p>An enumeration used to represent whether a person is affected by a condition of interest in the context of a pedigree.</p>\n</div><p>This code system http://ga4gh.org/fhir/phenopackets/CodeSystem/AffectedStatus defines the following codes:</p><table class=\"codes\"><tr><td style=\"white-space:nowrap\"><b>Code</b></td><td><b>Display</b></td><td><b>Definition</b></td></tr><tr><td style=\"white-space:nowrap\">missing<a name=\"AffectedStatus-missing\"> </a></td><td>Missing</td><td/></tr><tr><td style=\"white-space:nowrap\">unaffected<a name=\"AffectedStatus-unaffected\"> </a></td><td>Unaffected</td><td/></tr><tr><td style=\"white-space:nowrap\">Affected<a name=\"AffectedStatus-Affected\"> </a></td><td>Affected</td><td/></tr></table></div>"
  },
  "url": "http://ga4gh.org/fhir/phenopackets/CodeSystem/AffectedStatus",
  "version": "0.1.0",
  "name": "AffectedStatus",
  "title": "Affected Status",
  "status": "active",
  "date": "2020-02-14T16:13:10+10:00",
  "publisher": "Alejandro Metke",
  "contact": [
    {
      "name": "Alejandro Metke"
    }
  ],
  "description": "An enumeration used to represent whether a person is affected by a condition of interest in the context of a pedigree.",
  "content": "complete",
  "concept": [
    {
      "code": "missing",
      "display": "Missing"
    },
    {
      "code": "unaffected",
      "display": "Unaffected"
    },
    {
      "code": "Affected",
      "display": "Affected"
    }
  ]
}