{
  "resourceType": "CodeSystem",
  "id": "KaryotypicSex",
  "text": {
    "status": "generated",
    "div": "<div xmlns=\"http://www.w3.org/1999/xhtml\"><h2>Karyotypic Sex</h2><div><p>Represents the chromosomal sex of an individual.</p>\n</div><p>This code system http://ga4gh.org/fhir/phenopackets/CodeSystem/KaryotypicSex defines the following codes:</p><table class=\"codes\"><tr><td style=\"white-space:nowrap\"><b>Code</b></td><td><b>Display</b></td><td><b>Definition</b></td></tr><tr><td style=\"white-space:nowrap\">UNKNOWN_KARYOTYPE<a name=\"KaryotypicSex-UNKNOWN_KARYOTYPE\"> </a></td><td>Untyped or inconclusive karyotyping</td><td/></tr><tr><td style=\"white-space:nowrap\">XX<a name=\"KaryotypicSex-XX\"> </a></td><td>Female</td><td/></tr><tr><td style=\"white-space:nowrap\">XY<a name=\"KaryotypicSex-XY\"> </a></td><td>Male</td><td/></tr><tr><td style=\"white-space:nowrap\">XO<a name=\"KaryotypicSex-XO\"> </a></td><td>Single X chromosome only</td><td/></tr><tr><td style=\"white-space:nowrap\">XXY<a name=\"KaryotypicSex-XXY\"> </a></td><td>Two X and one Y chromosome</td><td/></tr><tr><td style=\"white-space:nowrap\">XXX<a name=\"KaryotypicSex-XXX\"> </a></td><td>Three X chromosomes</td><td/></tr><tr><td style=\"white-space:nowrap\">XXYY<a name=\"KaryotypicSex-XXYY\"> </a></td><td>Two X chromosomes and two Y chromosomes</td><td/></tr><tr><td style=\"white-space:nowrap\">XXXY<a name=\"KaryotypicSex-XXXY\"> </a></td><td>Three X chromosomes and one Y chromosome</td><td/></tr><tr><td style=\"white-space:nowrap\">XXXX<a name=\"KaryotypicSex-XXXX\"> </a></td><td>Four X chromosomes</td><td/></tr><tr><td style=\"white-space:nowrap\">XYY<a name=\"KaryotypicSex-XYY\"> </a></td><td>One X and two Y chromosomes</td><td/></tr><tr><td style=\"white-space:nowrap\">OTHER_KARYOTYPE<a name=\"KaryotypicSex-OTHER_KARYOTYPE\"> </a></td><td>None of the above types</td><td/></tr></table></div>"
  },
  "url": "http://ga4gh.org/fhir/phenopackets/CodeSystem/KaryotypicSex",
  "version": "0.1.0",
  "name": "KaryotypicSex",
  "title": "Karyotypic Sex",
  "status": "active",
  "date": "2020-02-14T16:13:10+10:00",
  "publisher": "Alejandro Metke",
  "contact": [
    {
      "name": "Alejandro Metke"
    }
  ],
  "description": "Represents the chromosomal sex of an individual.",
  "content": "complete",
  "concept": [
    {
      "code": "UNKNOWN_KARYOTYPE",
      "display": "Untyped or inconclusive karyotyping"
    },
    {
      "code": "XX",
      "display": "Female"
    },
    {
      "code": "XY",
      "display": "Male"
    },
    {
      "code": "XO",
      "display": "Single X chromosome only"
    },
    {
      "code": "XXY",
      "display": "Two X and one Y chromosome"
    },
    {
      "code": "XXX",
      "display": "Three X chromosomes"
    },
    {
      "code": "XXYY",
      "display": "Two X chromosomes and two Y chromosomes"
    },
    {
      "code": "XXXY",
      "display": "Three X chromosomes and one Y chromosome"
    },
    {
      "code": "XXXX",
      "display": "Four X chromosomes"
    },
    {
      "code": "XYY",
      "display": "One X and two Y chromosomes"
    },
    {
      "code": "OTHER_KARYOTYPE",
      "display": "None of the above types"
    }
  ]
}