{
  "resourceType": "ImplementationGuide",
  "id": "phenopackets",
  "text": {
    "status": "generated",
    "div": "<div xmlns=\"http://www.w3.org/1999/xhtml\"><h2>PhenopacketsImplementationGuide</h2><p>The official URL for this implementation guide is: </p><pre>http://ga4gh.org/fhir/phenopackets/ImplementationGuide/phenopackets</pre><div><p>Phenopackets is an open standard for sharing disease and phenotype information that will improve our ability to understand, diagnose, and treat both rare and common diseases. A Phenopacket links detailed phenotype descriptions with disease, patient, and genetic information, enabling clinicians, biologists, and disease and drug researchers to build more complete models of disease. The standard is designed to encourage wide adoption and synergy between the people, organizations and systems that comprise the joint effort to address human disease and biological understanding. Phenopackets on FHIR is a FHIR implementation guide based on the Phenopackets standard.</p>\n</div></div>"
  },
  "url": "http://ga4gh.org/fhir/phenopackets/ImplementationGuide/phenopackets",
  "version": "0.1.0",
  "name": "PhenopacketsImplementationGuide",
  "title": "Phenopackets Implementation Guide",
  "status": "active",
  "date": "2020-02-14T16:13:10+10:00",
  "publisher": "Alejandro Metke",
  "contact": [
    {
      "name": "Alejandro Metke"
    }
  ],
  "description": "Phenopackets is an open standard for sharing disease and phenotype information that will improve our ability to understand, diagnose, and treat both rare and common diseases. A Phenopacket links detailed phenotype descriptions with disease, patient, and genetic information, enabling clinicians, biologists, and disease and drug researchers to build more complete models of disease. The standard is designed to encourage wide adoption and synergy between the people, organizations and systems that comprise the joint effort to address human disease and biological understanding. Phenopackets on FHIR is a FHIR implementation guide based on the Phenopackets standard.",
  "packageId": "phenopackets",
  "license": "CC0-1.0",
  "fhirVersion": [
    "4.0.1"
  ],
  "dependsOn": [
    {
      "uri": "http://hl7.org/fhir/uv/genomics-reporting/ImplementationGuide/hl7.fhir.uv.genomics-reporting",
      "packageId": "hl7.fhir.uv.genomics-reporting",
      "version": "1.0.0"
    }
  ],
  "definition": {
    "extension": [
      {
        "extension": [
          {
            "url": "code",
            "valueString": "copyrightyear"
          },
          {
            "url": "value",
            "valueString": "2020+"
          }
        ],
        "url": "http://hl7.org/fhir/tools/StructureDefinition/ig-parameter"
      },
      {
        "extension": [
          {
            "url": "code",
            "valueString": "releaselabel"
          },
          {
            "url": "value",
            "valueString": "CI Build"
          }
        ],
        "url": "http://hl7.org/fhir/tools/StructureDefinition/ig-parameter"
      },
      {
        "extension": [
          {
            "url": "code",
            "valueString": "show-inherited-invariants"
          },
          {
            "url": "value",
            "valueString": "false"
          }
        ],
        "url": "http://hl7.org/fhir/tools/StructureDefinition/ig-parameter"
      },
      {
        "extension": [
          {
            "url": "code",
            "valueString": "path-expansion-params"
          },
          {
            "url": "value",
            "valueString": "input/pagecontent/OntoserverParams.json"
          }
        ],
        "url": "http://hl7.org/fhir/tools/StructureDefinition/ig-parameter"
      },
      {
        "extension": [
          {
            "url": "code",
            "valueString": "path-qa"
          },
          {
            "url": "value",
            "valueString": "temp/qa"
          }
        ],
        "url": "http://hl7.org/fhir/tools/StructureDefinition/ig-parameter"
      },
      {
        "extension": [
          {
            "url": "code",
            "valueString": "path-temp"
          },
          {
            "url": "value",
            "valueString": "temp/pages"
          }
        ],
        "url": "http://hl7.org/fhir/tools/StructureDefinition/ig-parameter"
      },
      {
        "extension": [
          {
            "url": "code",
            "valueString": "path-output"
          },
          {
            "url": "value",
            "valueString": "output"
          }
        ],
        "url": "http://hl7.org/fhir/tools/StructureDefinition/ig-parameter"
      },
      {
        "extension": [
          {
            "url": "code",
            "valueString": "path-suppressed-warnings"
          },
          {
            "url": "value",
            "valueString": "input/ignoreWarnings.txt"
          }
        ],
        "url": "http://hl7.org/fhir/tools/StructureDefinition/ig-parameter"
      },
      {
        "extension": [
          {
            "url": "code",
            "valueString": "template-html"
          },
          {
            "url": "value",
            "valueString": "template-page.html"
          }
        ],
        "url": "http://hl7.org/fhir/tools/StructureDefinition/ig-parameter"
      },
      {
        "extension": [
          {
            "url": "code",
            "valueString": "template-md"
          },
          {
            "url": "value",
            "valueString": "template-page-md.html"
          }
        ],
        "url": "http://hl7.org/fhir/tools/StructureDefinition/ig-parameter"
      },
      {
        "extension": [
          {
            "url": "code",
            "valueString": "apply-contact"
          },
          {
            "url": "value",
            "valueString": "true"
          }
        ],
        "url": "http://hl7.org/fhir/tools/StructureDefinition/ig-parameter"
      },
      {
        "extension": [
          {
            "url": "code",
            "valueString": "apply-context"
          },
          {
            "url": "value",
            "valueString": "true"
          }
        ],
        "url": "http://hl7.org/fhir/tools/StructureDefinition/ig-parameter"
      },
      {
        "extension": [
          {
            "url": "code",
            "valueString": "apply-copyright"
          },
          {
            "url": "value",
            "valueString": "true"
          }
        ],
        "url": "http://hl7.org/fhir/tools/StructureDefinition/ig-parameter"
      },
      {
        "extension": [
          {
            "url": "code",
            "valueString": "apply-jurisdiction"
          },
          {
            "url": "value",
            "valueString": "true"
          }
        ],
        "url": "http://hl7.org/fhir/tools/StructureDefinition/ig-parameter"
      },
      {
        "extension": [
          {
            "url": "code",
            "valueString": "apply-license"
          },
          {
            "url": "value",
            "valueString": "true"
          }
        ],
        "url": "http://hl7.org/fhir/tools/StructureDefinition/ig-parameter"
      },
      {
        "extension": [
          {
            "url": "code",
            "valueString": "apply-publisher"
          },
          {
            "url": "value",
            "valueString": "true"
          }
        ],
        "url": "http://hl7.org/fhir/tools/StructureDefinition/ig-parameter"
      },
      {
        "extension": [
          {
            "url": "code",
            "valueString": "apply-version"
          },
          {
            "url": "value",
            "valueString": "true"
          }
        ],
        "url": "http://hl7.org/fhir/tools/StructureDefinition/ig-parameter"
      },
      {
        "extension": [
          {
            "url": "code",
            "valueString": "active-tables"
          },
          {
            "url": "value",
            "valueString": "true"
          }
        ],
        "url": "http://hl7.org/fhir/tools/StructureDefinition/ig-parameter"
      }
    ],
    "resource": [
      {
        "extension": [
          {
            "url": "http://hl7.org/fhir/tools/StructureDefinition/resource-information",
            "valueString": "StructureDefinition:extension"
          },
          {
            "url": "http://hl7.org/fhir/StructureDefinition/implementationguide-page",
            "valueUri": "StructureDefinition-AffectedStatus.html"
          }
        ],
        "reference": {
          "reference": "StructureDefinition/AffectedStatus"
        },
        "name": "Affected Status",
        "description": "Indicates if the individual has the affected phenotype of the proband.",
        "exampleBoolean": false
      },
      {
        "extension": [
          {
            "url": "http://hl7.org/fhir/tools/StructureDefinition/resource-information",
            "valueString": "StructureDefinition:extension"
          },
          {
            "url": "http://hl7.org/fhir/StructureDefinition/implementationguide-page",
            "valueUri": "StructureDefinition-AgeOrAgeRange.html"
          }
        ],
        "reference": {
          "reference": "StructureDefinition/AgeOrAgeRange"
        },
        "name": "Age Or Age Range",
        "description": "An age or an age range.",
        "exampleBoolean": false
      },
      {
        "extension": [
          {
            "url": "http://hl7.org/fhir/tools/StructureDefinition/resource-information",
            "valueString": "StructureDefinition:resource"
          },
          {
            "url": "http://hl7.org/fhir/StructureDefinition/implementationguide-page",
            "valueUri": "StructureDefinition-Biosample.html"
          }
        ],
        "reference": {
          "reference": "StructureDefinition/Biosample"
        },
        "name": "Biosample",
        "description": "A unit of biological material from which the substrate molecules (e.g. genomic DNA, RNA, proteins) for molecular analyses (e.g. sequencing, array hybridisation, mass-spectrometry) are extracted.",
        "exampleBoolean": false
      },
      {
        "extension": [
          {
            "url": "http://hl7.org/fhir/tools/StructureDefinition/resource-information",
            "valueString": "StructureDefinition:extension"
          },
          {
            "url": "http://hl7.org/fhir/StructureDefinition/implementationguide-page",
            "valueUri": "StructureDefinition-BiosampleControl.html"
          }
        ],
        "reference": {
          "reference": "StructureDefinition/BiosampleControl"
        },
        "name": "Biosample Control",
        "description": "Is this a control biosample?",
        "exampleBoolean": false
      },
      {
        "extension": [
          {
            "url": "http://hl7.org/fhir/tools/StructureDefinition/resource-information",
            "valueString": "StructureDefinition:extension"
          },
          {
            "url": "http://hl7.org/fhir/StructureDefinition/implementationguide-page",
            "valueUri": "StructureDefinition-CodedOnset.html"
          }
        ],
        "reference": {
          "reference": "StructureDefinition/CodedOnset"
        },
        "name": "Coded Onset",
        "description": "The onset of a disease using an ontology class.",
        "exampleBoolean": false
      },
      {
        "extension": [
          {
            "url": "http://hl7.org/fhir/tools/StructureDefinition/resource-information",
            "valueString": "StructureDefinition:resource"
          },
          {
            "url": "http://hl7.org/fhir/StructureDefinition/implementationguide-page",
            "valueUri": "StructureDefinition-Cohort.html"
          }
        ],
        "reference": {
          "reference": "StructureDefinition/Cohort"
        },
        "name": "Cohort",
        "description": "A group of individuals related in some phenotypic or genotypic aspect.",
        "exampleBoolean": false
      },
      {
        "extension": [
          {
            "url": "http://hl7.org/fhir/tools/StructureDefinition/resource-information",
            "valueString": "StructureDefinition:extension"
          },
          {
            "url": "http://hl7.org/fhir/StructureDefinition/implementationguide-page",
            "valueUri": "StructureDefinition-DiagnosticMarkers.html"
          }
        ],
        "reference": {
          "reference": "StructureDefinition/DiagnosticMarkers"
        },
        "name": "Diagnostic Markers",
        "description": "Clinically relevant bio markers. Most of the assays such as immunohistochemistry (IHC) are covered by the NCIT under the sub-hierarchy NCIT:C36292 (Laboratory Test Result), e.g. NCIT:C68748 (HER2/Neu Positive), NCIT:C131711 (Human Papillomavirus-18 Positive).",
        "exampleBoolean": false
      },
      {
        "extension": [
          {
            "url": "http://hl7.org/fhir/tools/StructureDefinition/resource-information",
            "valueString": "StructureDefinition:resource"
          },
          {
            "url": "http://hl7.org/fhir/StructureDefinition/implementationguide-page",
            "valueUri": "StructureDefinition-Disease.html"
          }
        ],
        "reference": {
          "reference": "StructureDefinition/Disease"
        },
        "name": "Disease",
        "description": "The word phenotype is used with many different meanings, including 'the observable traits of an organism'. In medicine, the word can be used with at least two different meanings. It is used to refer to some observed deviation from normal morphology, physiology, or behavior. In contrast, the disease is a diagnosis, i.e., and inference or hypothesis about the cause underlying the observed phenotypic abnormalities. Occasionally, physicians use the word phenotype to refer to a disease, but we do not use this meaning here.",
        "exampleBoolean": false
      },
      {
        "extension": [
          {
            "url": "http://hl7.org/fhir/tools/StructureDefinition/resource-information",
            "valueString": "StructureDefinition:extension"
          },
          {
            "url": "http://hl7.org/fhir/StructureDefinition/implementationguide-page",
            "valueUri": "StructureDefinition-Evidence.html"
          }
        ],
        "reference": {
          "reference": "StructureDefinition/Evidence"
        },
        "name": "Evidence",
        "description": "This element intends to represent the evidence for an assertion such as an observation of a PhenotypicFeature element.",
        "exampleBoolean": false
      },
      {
        "extension": [
          {
            "url": "http://hl7.org/fhir/tools/StructureDefinition/resource-information",
            "valueString": "StructureDefinition:extension"
          },
          {
            "url": "http://hl7.org/fhir/StructureDefinition/implementationguide-page",
            "valueUri": "StructureDefinition-ExternalReference.html"
          }
        ],
        "reference": {
          "reference": "StructureDefinition/ExternalReference"
        },
        "name": "External Reference",
        "description": "This element encodes information about an external reference.",
        "exampleBoolean": false
      },
      {
        "extension": [
          {
            "url": "http://hl7.org/fhir/tools/StructureDefinition/resource-information",
            "valueString": "StructureDefinition:resource"
          },
          {
            "url": "http://hl7.org/fhir/StructureDefinition/implementationguide-page",
            "valueUri": "StructureDefinition-Family.html"
          }
        ],
        "reference": {
          "reference": "StructureDefinition/Family"
        },
        "name": "Family",
        "description": "Phenotype, sample and pedigree data required for a genomic diagnosis.",
        "exampleBoolean": false
      },
      {
        "extension": [
          {
            "url": "http://hl7.org/fhir/tools/StructureDefinition/resource-information",
            "valueString": "StructureDefinition:extension"
          },
          {
            "url": "http://hl7.org/fhir/StructureDefinition/implementationguide-page",
            "valueUri": "StructureDefinition-FamilyIdentifier.html"
          }
        ],
        "reference": {
          "reference": "StructureDefinition/FamilyIdentifier"
        },
        "name": "Family Identifier",
        "description": "A family identifier. Used to export to PED file format.",
        "exampleBoolean": false
      },
      {
        "extension": [
          {
            "url": "http://hl7.org/fhir/tools/StructureDefinition/resource-information",
            "valueString": "StructureDefinition:extension"
          },
          {
            "url": "http://hl7.org/fhir/StructureDefinition/implementationguide-page",
            "valueUri": "StructureDefinition-GenomeAssembly.html"
          }
        ],
        "reference": {
          "reference": "StructureDefinition/GenomeAssembly"
        },
        "name": "Genome Assembly",
        "description": "The genome assembly that a file was called against. We recommend using the Genome Reference Consortium nomenclature e.g. GRCh37, GRCh38.",
        "exampleBoolean": false
      },
      {
        "extension": [
          {
            "url": "http://hl7.org/fhir/tools/StructureDefinition/resource-information",
            "valueString": "StructureDefinition:extension"
          },
          {
            "url": "http://hl7.org/fhir/StructureDefinition/implementationguide-page",
            "valueUri": "StructureDefinition-HistologicalDiagnosis.html"
          }
        ],
        "reference": {
          "reference": "StructureDefinition/HistologicalDiagnosis"
        },
        "name": "Histological Diagnosis",
        "description": "This is the pathologist’s diagnosis and may often represent a refinement of the clinical diagnosis (which could be reported in the Phenopacket that contains this Biosample). Normal samples would be tagged with the term “NCIT:C38757”, “Negative Finding”.",
        "exampleBoolean": false
      },
      {
        "extension": [
          {
            "url": "http://hl7.org/fhir/tools/StructureDefinition/resource-information",
            "valueString": "StructureDefinition:resource"
          },
          {
            "url": "http://hl7.org/fhir/StructureDefinition/implementationguide-page",
            "valueUri": "StructureDefinition-HtsFile.html"
          }
        ],
        "reference": {
          "reference": "StructureDefinition/HtsFile"
        },
        "name": "Hts File",
        "description": "Phenopackets can be used to hold phenotypic information that can inform the analysis of sequencing data in VCF format as well as other high-throughput sequencing (HTS) or other data types.",
        "exampleBoolean": false
      },
      {
        "extension": [
          {
            "url": "http://hl7.org/fhir/tools/StructureDefinition/resource-information",
            "valueString": "StructureDefinition:extension"
          },
          {
            "url": "http://hl7.org/fhir/StructureDefinition/implementationguide-page",
            "valueUri": "StructureDefinition-HtsFileReference.html"
          }
        ],
        "reference": {
          "reference": "StructureDefinition/HtsFileReference"
        },
        "name": "Hts File Reference",
        "description": "Reference to a high-throughput sequencing file generated as part of a genomic test.",
        "exampleBoolean": false
      },
      {
        "extension": [
          {
            "url": "http://hl7.org/fhir/tools/StructureDefinition/resource-information",
            "valueString": "StructureDefinition:resource"
          },
          {
            "url": "http://hl7.org/fhir/StructureDefinition/implementationguide-page",
            "valueUri": "StructureDefinition-Individual.html"
          }
        ],
        "reference": {
          "reference": "StructureDefinition/Individual"
        },
        "name": "Individual",
        "description": "The subject of the Phenopacket is represented by an Individual element. This element intends to represent an individual human or other organism.",
        "exampleBoolean": false
      },
      {
        "extension": [
          {
            "url": "http://hl7.org/fhir/tools/StructureDefinition/resource-information",
            "valueString": "StructureDefinition:extension"
          },
          {
            "url": "http://hl7.org/fhir/StructureDefinition/implementationguide-page",
            "valueUri": "StructureDefinition-IndividualReference.html"
          }
        ],
        "reference": {
          "reference": "StructureDefinition/IndividualReference"
        },
        "name": "Individual Reference",
        "description": "A reference to an individual associated to a pedigree node.",
        "exampleBoolean": false
      },
      {
        "extension": [
          {
            "url": "http://hl7.org/fhir/tools/StructureDefinition/resource-information",
            "valueString": "StructureDefinition:resource"
          },
          {
            "url": "http://hl7.org/fhir/StructureDefinition/implementationguide-page",
            "valueUri": "StructureDefinition-Interpretation.html"
          }
        ],
        "reference": {
          "reference": "StructureDefinition/Interpretation"
        },
        "name": "Interpretation",
        "description": "Represents the interpretation of a genomic analysis, such as the report from a diagnostic laboratory.",
        "exampleBoolean": false
      },
      {
        "extension": [
          {
            "url": "http://hl7.org/fhir/tools/StructureDefinition/resource-information",
            "valueString": "StructureDefinition:extension"
          },
          {
            "url": "http://hl7.org/fhir/StructureDefinition/implementationguide-page",
            "valueUri": "StructureDefinition-KaryotypicSex.html"
          }
        ],
        "reference": {
          "reference": "StructureDefinition/KaryotypicSex"
        },
        "name": "Karyotypic Sex",
        "description": "The chromosomal sex of an individual.",
        "exampleBoolean": false
      },
      {
        "extension": [
          {
            "url": "http://hl7.org/fhir/tools/StructureDefinition/resource-information",
            "valueString": "StructureDefinition:extension"
          },
          {
            "url": "http://hl7.org/fhir/StructureDefinition/implementationguide-page",
            "valueUri": "StructureDefinition-Onset.html"
          }
        ],
        "reference": {
          "reference": "StructureDefinition/Onset"
        },
        "name": "Onset",
        "description": "Describes the age at which a phenotypic feature was first noticed or diagnosed.",
        "exampleBoolean": false
      },
      {
        "extension": [
          {
            "url": "http://hl7.org/fhir/tools/StructureDefinition/resource-information",
            "valueString": "StructureDefinition:resource"
          },
          {
            "url": "http://hl7.org/fhir/StructureDefinition/implementationguide-page",
            "valueUri": "StructureDefinition-PedigreeNode.html"
          }
        ],
        "reference": {
          "reference": "StructureDefinition/PedigreeNode"
        },
        "name": "Pedigree Node",
        "description": "The Phenopackets Pedigree element represents a PED file, which describes the family relationships of each specimen along with their gender and phenotype. PED files are typically used by software for genetic linkage analysis. PED files have six mandatory columns, and additional optional columns (that are typically not used in the context of genomic analysis). FHIR already has resources and extensions that represent a pedigree. A pedigree node extends the FamilyMemberHistory-Genetic profile.",
        "exampleBoolean": false
      },
      {
        "extension": [
          {
            "url": "http://hl7.org/fhir/tools/StructureDefinition/resource-information",
            "valueString": "StructureDefinition:extension"
          },
          {
            "url": "http://hl7.org/fhir/StructureDefinition/implementationguide-page",
            "valueUri": "StructureDefinition-PedigreeNodeReference.html"
          }
        ],
        "reference": {
          "reference": "StructureDefinition/PedigreeNodeReference"
        },
        "name": "Pedigree Node Reference",
        "description": "A reference to a pedigree node.",
        "exampleBoolean": false
      },
      {
        "extension": [
          {
            "url": "http://hl7.org/fhir/tools/StructureDefinition/resource-information",
            "valueString": "StructureDefinition:resource"
          },
          {
            "url": "http://hl7.org/fhir/StructureDefinition/implementationguide-page",
            "valueUri": "StructureDefinition-Phenopacket.html"
          }
        ],
        "reference": {
          "reference": "StructureDefinition/Phenopacket"
        },
        "name": "Phenopacket",
        "description": "A Phenopacket is an anonymous phenotypic description of an individual or biosample with potential genes of interest and/or diagnoses.",
        "exampleBoolean": false
      },
      {
        "extension": [
          {
            "url": "http://hl7.org/fhir/tools/StructureDefinition/resource-information",
            "valueString": "StructureDefinition:extension"
          },
          {
            "url": "http://hl7.org/fhir/StructureDefinition/implementationguide-page",
            "valueUri": "StructureDefinition-PhenopacketReference.html"
          }
        ],
        "reference": {
          "reference": "StructureDefinition/PhenopacketReference"
        },
        "name": "Phenopacket Reference",
        "description": "An extension to reference a Phenopacket.",
        "exampleBoolean": false
      },
      {
        "extension": [
          {
            "url": "http://hl7.org/fhir/tools/StructureDefinition/resource-information",
            "valueString": "StructureDefinition:resource"
          },
          {
            "url": "http://hl7.org/fhir/StructureDefinition/implementationguide-page",
            "valueUri": "StructureDefinition-PhenotypicFeature.html"
          }
        ],
        "reference": {
          "reference": "StructureDefinition/PhenotypicFeature"
        },
        "name": "Phenotypic Feature",
        "description": "This element is intended to be used to describe a phenotype that characterizes the subject of the Phenopacket. For medical use cases the subject will generally be a patient or a proband of a study, and the phenotypes will be abnormalities described by an ontology such as the Human Phenotype Ontology. The word phenotype is used with many different meanings including disease entity, but in this context we mean an individual phenotypic feature, observed as either present or absent, with possible onset, modifiers and frequency.",
        "exampleBoolean": false
      },
      {
        "extension": [
          {
            "url": "http://hl7.org/fhir/tools/StructureDefinition/resource-information",
            "valueString": "StructureDefinition:extension"
          },
          {
            "url": "http://hl7.org/fhir/StructureDefinition/implementationguide-page",
            "valueUri": "StructureDefinition-PhenotypicFeatureModifier.html"
          }
        ],
        "reference": {
          "reference": "StructureDefinition/PhenotypicFeatureModifier"
        },
        "name": "Phenotypic Feature Modifier",
        "description": "This element is a list of ontology class elements intended to provide more expressive or precise descriptions of a phenotypic feature, including attributes such as positionality and external factors that tend to trigger or ameliorate the feature.",
        "exampleBoolean": false
      },
      {
        "extension": [
          {
            "url": "http://hl7.org/fhir/tools/StructureDefinition/resource-information",
            "valueString": "StructureDefinition:extension"
          },
          {
            "url": "http://hl7.org/fhir/StructureDefinition/implementationguide-page",
            "valueUri": "StructureDefinition-Severity.html"
          }
        ],
        "reference": {
          "reference": "StructureDefinition/Severity"
        },
        "name": "Severity",
        "description": "The severity of a phenotype.",
        "exampleBoolean": false
      },
      {
        "extension": [
          {
            "url": "http://hl7.org/fhir/tools/StructureDefinition/resource-information",
            "valueString": "StructureDefinition:extension"
          },
          {
            "url": "http://hl7.org/fhir/StructureDefinition/implementationguide-page",
            "valueUri": "StructureDefinition-Taxonomy.html"
          }
        ],
        "reference": {
          "reference": "StructureDefinition/Taxonomy"
        },
        "name": "Taxonomy",
        "description": "For resources where there may be more than one organism being studied it is advisable to indicate the taxonomic identifier of that organism, to its most specific level.",
        "exampleBoolean": false
      },
      {
        "extension": [
          {
            "url": "http://hl7.org/fhir/tools/StructureDefinition/resource-information",
            "valueString": "StructureDefinition:extension"
          },
          {
            "url": "http://hl7.org/fhir/StructureDefinition/implementationguide-page",
            "valueUri": "StructureDefinition-TumorGrade.html"
          }
        ],
        "reference": {
          "reference": "StructureDefinition/TumorGrade"
        },
        "name": "Tumor Grade",
        "description": "List of terms representing the tumor grade.",
        "exampleBoolean": false
      },
      {
        "extension": [
          {
            "url": "http://hl7.org/fhir/tools/StructureDefinition/resource-information",
            "valueString": "StructureDefinition:extension"
          },
          {
            "url": "http://hl7.org/fhir/StructureDefinition/implementationguide-page",
            "valueUri": "StructureDefinition-TumorProgression.html"
          }
        ],
        "reference": {
          "reference": "StructureDefinition/TumorProgression"
        },
        "name": "Tumor Progression",
        "description": "This field can be used to indicate if a specimen is from the primary tumor, a metastasis or a recurrence. There are multiple ways of representing this using ontology terms, and the terms chosen should have a specific meaning that is application specific.",
        "exampleBoolean": false
      },
      {
        "extension": [
          {
            "url": "http://hl7.org/fhir/tools/StructureDefinition/resource-information",
            "valueString": "StructureDefinition:extension"
          },
          {
            "url": "http://hl7.org/fhir/StructureDefinition/implementationguide-page",
            "valueUri": "StructureDefinition-TumorStage.html"
          }
        ],
        "reference": {
          "reference": "StructureDefinition/TumorStage"
        },
        "name": "Tumor Stage",
        "description": "This element can be used if the phenopacket describes cancer. Tumor staging describes the extent of growth of cancer, including the tumor and, if applicable, affected lymph nodes and distant metastases.",
        "exampleBoolean": false
      },
      {
        "extension": [
          {
            "url": "http://hl7.org/fhir/tools/StructureDefinition/resource-information",
            "valueString": "StructureDefinition:extension"
          },
          {
            "url": "http://hl7.org/fhir/StructureDefinition/implementationguide-page",
            "valueUri": "StructureDefinition-VariantReference.html"
          }
        ],
        "reference": {
          "reference": "StructureDefinition/VariantReference"
        },
        "name": "Variant Reference",
        "description": "References a variant observation.",
        "exampleBoolean": false
      },
      {
        "extension": [
          {
            "url": "http://hl7.org/fhir/tools/StructureDefinition/resource-information",
            "valueString": "ValueSet"
          },
          {
            "url": "http://hl7.org/fhir/StructureDefinition/implementationguide-page",
            "valueUri": "ValueSet-AffectedStatus.html"
          }
        ],
        "reference": {
          "reference": "ValueSet/AffectedStatus"
        },
        "name": "Affected Status",
        "description": "An enumeration used to represent whether a person is affected by a condition of interest in the context of a pedigree."
      },
      {
        "extension": [
          {
            "url": "http://hl7.org/fhir/tools/StructureDefinition/resource-information",
            "valueString": "ValueSet"
          },
          {
            "url": "http://hl7.org/fhir/StructureDefinition/implementationguide-page",
            "valueUri": "ValueSet-DiagnosticMarkers.html"
          }
        ],
        "reference": {
          "reference": "ValueSet/DiagnosticMarkers"
        },
        "name": "Diagnostic Markers",
        "description": "Codes to indicate clinically relevant bio markers."
      },
      {
        "extension": [
          {
            "url": "http://hl7.org/fhir/tools/StructureDefinition/resource-information",
            "valueString": "ValueSet"
          },
          {
            "url": "http://hl7.org/fhir/StructureDefinition/implementationguide-page",
            "valueUri": "ValueSet-Evidence.html"
          }
        ],
        "reference": {
          "reference": "ValueSet/Evidence"
        },
        "name": "Evidence",
        "description": "Codes from the Evidence & Conclusion Ontology."
      },
      {
        "extension": [
          {
            "url": "http://hl7.org/fhir/tools/StructureDefinition/resource-information",
            "valueString": "ValueSet"
          },
          {
            "url": "http://hl7.org/fhir/StructureDefinition/implementationguide-page",
            "valueUri": "ValueSet-HTSFormat.html"
          }
        ],
        "reference": {
          "reference": "ValueSet/HTSFormat"
        },
        "name": "HTS Format",
        "description": "Represents different high-throughput sequencing file formats."
      },
      {
        "extension": [
          {
            "url": "http://hl7.org/fhir/tools/StructureDefinition/resource-information",
            "valueString": "ValueSet"
          },
          {
            "url": "http://hl7.org/fhir/StructureDefinition/implementationguide-page",
            "valueUri": "ValueSet-HistologicalDiagnosis.html"
          }
        ],
        "reference": {
          "reference": "ValueSet/HistologicalDiagnosis"
        },
        "name": "HistologicalDiagnosis",
        "description": "Histological diagnosis codes from NCIT."
      },
      {
        "extension": [
          {
            "url": "http://hl7.org/fhir/tools/StructureDefinition/resource-information",
            "valueString": "ValueSet"
          },
          {
            "url": "http://hl7.org/fhir/StructureDefinition/implementationguide-page",
            "valueUri": "ValueSet-KaryotypicSex.html"
          }
        ],
        "reference": {
          "reference": "ValueSet/KaryotypicSex"
        },
        "name": "Karyotypic Sex",
        "description": "Represents the chromosomal sex of an individual."
      },
      {
        "extension": [
          {
            "url": "http://hl7.org/fhir/tools/StructureDefinition/resource-information",
            "valueString": "ValueSet"
          },
          {
            "url": "http://hl7.org/fhir/StructureDefinition/implementationguide-page",
            "valueUri": "ValueSet-Onset.html"
          }
        ],
        "reference": {
          "reference": "ValueSet/Onset"
        },
        "name": "Onset",
        "description": "Onset codes from the Human Phenotype Ontology and SNOMED CT."
      },
      {
        "extension": [
          {
            "url": "http://hl7.org/fhir/tools/StructureDefinition/resource-information",
            "valueString": "ValueSet"
          },
          {
            "url": "http://hl7.org/fhir/StructureDefinition/implementationguide-page",
            "valueUri": "ValueSet-PhenotypicFeatureInterpretation.html"
          }
        ],
        "reference": {
          "reference": "ValueSet/PhenotypicFeatureInterpretation"
        },
        "name": "Phenotypic Feature Interpretation",
        "description": "Codes to indicate the interpretation of a phenotypic feature (present or absent)."
      },
      {
        "extension": [
          {
            "url": "http://hl7.org/fhir/tools/StructureDefinition/resource-information",
            "valueString": "ValueSet"
          },
          {
            "url": "http://hl7.org/fhir/StructureDefinition/implementationguide-page",
            "valueUri": "ValueSet-PhenotypicFeatureModifier.html"
          }
        ],
        "reference": {
          "reference": "ValueSet/PhenotypicFeatureModifier"
        },
        "name": "Phenotypic Feature Modifier",
        "description": "Clinical modifier codes from the Human Phenotype Ontology. TODO: include corresponding codes from SNOMED CT."
      },
      {
        "extension": [
          {
            "url": "http://hl7.org/fhir/tools/StructureDefinition/resource-information",
            "valueString": "ValueSet"
          },
          {
            "url": "http://hl7.org/fhir/StructureDefinition/implementationguide-page",
            "valueUri": "ValueSet-PhenotypicFeatureType.html"
          }
        ],
        "reference": {
          "reference": "ValueSet/PhenotypicFeatureType"
        },
        "name": "Phenotypic Feature Type",
        "description": "The primary ontology class which describes the phenotype."
      },
      {
        "extension": [
          {
            "url": "http://hl7.org/fhir/tools/StructureDefinition/resource-information",
            "valueString": "ValueSet"
          },
          {
            "url": "http://hl7.org/fhir/StructureDefinition/implementationguide-page",
            "valueUri": "ValueSet-Severity.html"
          }
        ],
        "reference": {
          "reference": "ValueSet/Severity"
        },
        "name": "Severity",
        "description": "Phenotypic feature severity codes from the Human Phenotype Ontology and SNOMED CT."
      },
      {
        "extension": [
          {
            "url": "http://hl7.org/fhir/tools/StructureDefinition/resource-information",
            "valueString": "ValueSet"
          },
          {
            "url": "http://hl7.org/fhir/StructureDefinition/implementationguide-page",
            "valueUri": "ValueSet-Taxonomy.html"
          }
        ],
        "reference": {
          "reference": "ValueSet/Taxonomy"
        },
        "name": "Taxonomy",
        "description": "Taxonomic identifiers of an organism."
      },
      {
        "extension": [
          {
            "url": "http://hl7.org/fhir/tools/StructureDefinition/resource-information",
            "valueString": "ValueSet"
          },
          {
            "url": "http://hl7.org/fhir/StructureDefinition/implementationguide-page",
            "valueUri": "ValueSet-TumorGrade.html"
          }
        ],
        "reference": {
          "reference": "ValueSet/TumorGrade"
        },
        "name": "Tumor Grade",
        "description": "Codes to indicate the grade of a tumor."
      },
      {
        "extension": [
          {
            "url": "http://hl7.org/fhir/tools/StructureDefinition/resource-information",
            "valueString": "ValueSet"
          },
          {
            "url": "http://hl7.org/fhir/StructureDefinition/implementationguide-page",
            "valueUri": "ValueSet-TumorProgression.html"
          }
        ],
        "reference": {
          "reference": "ValueSet/TumorProgression"
        },
        "name": "Tumor Progression",
        "description": "Codes to indicate if a specimen is from the primary tumor, a metastasis or a recurrence."
      },
      {
        "extension": [
          {
            "url": "http://hl7.org/fhir/tools/StructureDefinition/resource-information",
            "valueString": "ValueSet"
          },
          {
            "url": "http://hl7.org/fhir/StructureDefinition/implementationguide-page",
            "valueUri": "ValueSet-TumorStage.html"
          }
        ],
        "reference": {
          "reference": "ValueSet/TumorStage"
        },
        "name": "Tumor Stage",
        "description": "Codes to represent the stage of a tumor."
      },
      {
        "extension": [
          {
            "url": "http://hl7.org/fhir/tools/StructureDefinition/resource-information",
            "valueString": "CodeSystem"
          },
          {
            "url": "http://hl7.org/fhir/StructureDefinition/implementationguide-page",
            "valueUri": "CodeSystem-AffectedStatus.html"
          }
        ],
        "reference": {
          "reference": "CodeSystem/AffectedStatus"
        },
        "name": "Affected Status",
        "description": "An enumeration used to represent whether a person is affected by a condition of interest in the context of a pedigree."
      },
      {
        "extension": [
          {
            "url": "http://hl7.org/fhir/tools/StructureDefinition/resource-information",
            "valueString": "CodeSystem"
          },
          {
            "url": "http://hl7.org/fhir/StructureDefinition/implementationguide-page",
            "valueUri": "CodeSystem-DocumentType.html"
          }
        ],
        "reference": {
          "reference": "CodeSystem/DocumentType"
        },
        "name": "Document Type",
        "description": "Represents the different types of documents in the Phenopackets standard."
      },
      {
        "extension": [
          {
            "url": "http://hl7.org/fhir/tools/StructureDefinition/resource-information",
            "valueString": "CodeSystem"
          },
          {
            "url": "http://hl7.org/fhir/StructureDefinition/implementationguide-page",
            "valueUri": "CodeSystem-HtsFormat.html"
          }
        ],
        "reference": {
          "reference": "CodeSystem/HtsFormat"
        },
        "name": "HTS Format",
        "description": "An enumeration used to represent different high-throughput sequencing file formats."
      },
      {
        "extension": [
          {
            "url": "http://hl7.org/fhir/tools/StructureDefinition/resource-information",
            "valueString": "CodeSystem"
          },
          {
            "url": "http://hl7.org/fhir/StructureDefinition/implementationguide-page",
            "valueUri": "CodeSystem-KaryotypicSex.html"
          }
        ],
        "reference": {
          "reference": "CodeSystem/KaryotypicSex"
        },
        "name": "Karyotypic Sex",
        "description": "Represents the chromosomal sex of an individual."
      },
      {
        "extension": [
          {
            "url": "http://hl7.org/fhir/tools/StructureDefinition/resource-information",
            "valueString": "CodeSystem"
          },
          {
            "url": "http://hl7.org/fhir/StructureDefinition/implementationguide-page",
            "valueUri": "CodeSystem-SectionType.html"
          }
        ],
        "reference": {
          "reference": "CodeSystem/SectionType"
        },
        "name": "Section Type",
        "description": "Represents the different types of sections in the objects that are built as compositions in the Phenopackets standard."
      }
    ],
    "page": {
      "nameUrl": "toc.html",
      "title": "Table of Contents",
      "generation": "html",
      "page": [
        {
          "nameUrl": "index.html",
          "title": "Phenopackets Implementation Guide",
          "generation": "markdown"
        },
        {
          "nameUrl": "guidance.html",
          "title": "Guidance",
          "generation": "markdown"
        },
        {
          "nameUrl": "mapping.html",
          "title": "Mapping",
          "generation": "markdown"
        }
      ]
    },
    "parameter": [
      {
        "code": "path-resource",
        "value": "input/capabilities"
      },
      {
        "code": "path-resource",
        "value": "input/examples"
      },
      {
        "code": "path-resource",
        "value": "input/extensions"
      },
      {
        "code": "path-resource",
        "value": "input/models"
      },
      {
        "code": "path-resource",
        "value": "input/operations"
      },
      {
        "code": "path-resource",
        "value": "input/profiles"
      },
      {
        "code": "path-resource",
        "value": "input/resources"
      },
      {
        "code": "path-resource",
        "value": "input/vocabulary"
      },
      {
        "code": "path-pages",
        "value": "template/config"
      },
      {
        "code": "path-pages",
        "value": "input/images"
      },
      {
        "code": "path-tx-cache",
        "value": "input-cache/txcache"
      }
    ]
  }
}