<?xml version="1.0" encoding="UTF-8"?>

<ImplementationGuide xmlns="http://hl7.org/fhir">
  <id value="ga4gh.fhir.phenopackets-0.1.0"/>
  <text>
    <status value="generated"/><div xmlns="http://www.w3.org/1999/xhtml"><h2>Phenopackets</h2><p>The official URL for this implementation guide is: </p><pre>http://ga4gh.org/fhir/phenopackets/ImplementationGuide/ga4gh.fhir.phenopackets-0.1.0</pre><div><p>An open standard for sharing disease and phenotype information will improve our ability to understand, diagnose, and treat both rare and common diseases. A PhenoPacket links detailed phenotype descriptions with disease, patient, and genetic information, enabling clinicians, biologists, and disease and drug researchers to build more complete models of disease. The standard is designed to encourage wide adoption and synergy between the people, organizations and systems that comprise the joint effort to address human disease and biological understanding.</p>
</div></div>
  </text>
  <url value="http://ga4gh.org/fhir/phenopackets/ImplementationGuide/ga4gh.fhir.phenopackets-0.1.0"/>
  <version value="0.1.0"/>
  <name value="Phenopackets"/>
  <title value="Phenopackets"/>
  <status value="draft"/>
  <date value="2019-10-18T20:32:59+10:00"/>
  <contact>
    <name value="Alejandro Metke"/>
    <telecom>
      <system value="email"/>
      <value value="alejandro.metke@csiro.au"/>
    </telecom>
  </contact>
  <description value="An open standard for sharing disease and phenotype information will improve our ability to understand, diagnose, and treat both rare and common diseases. A PhenoPacket links detailed phenotype descriptions with disease, patient, and genetic information, enabling clinicians, biologists, and disease and drug researchers to build more complete models of disease. The standard is designed to encourage wide adoption and synergy between the people, organizations and systems that comprise the joint effort to address human disease and biological understanding."/>
  <packageId value="ga4gh.fhir.phenopackets"/>
  <license value="CC0-1.0"/>
  <fhirVersion value="4.0.0"/>
  <definition>
    <resource>
      <extension url="http://hl7.org/fhir/tools/StructureDefinition/resource-information">
        <valueString value="CodeSystem"/>
      </extension>
      <extension url="http://hl7.org/fhir/StructureDefinition/implementationguide-page">
        <valueUri value="CodeSystem-affected-status.html"/>
      </extension>
      <reference>
        <reference value="CodeSystem/affected-status"/>
        <display value="Affected Status Code System"/>
      </reference>
    </resource>
    <resource>
      <extension url="http://hl7.org/fhir/tools/StructureDefinition/resource-information">
        <valueString value="CodeSystem"/>
      </extension>
      <extension url="http://hl7.org/fhir/StructureDefinition/implementationguide-page">
        <valueUri value="CodeSystem-document-type.html"/>
      </extension>
      <reference>
        <reference value="CodeSystem/document-type"/>
        <display value="Document Type Code System"/>
      </reference>
    </resource>
    <resource>
      <extension url="http://hl7.org/fhir/tools/StructureDefinition/resource-information">
        <valueString value="CodeSystem"/>
      </extension>
      <extension url="http://hl7.org/fhir/StructureDefinition/implementationguide-page">
        <valueUri value="CodeSystem-hts-format.html"/>
      </extension>
      <reference>
        <reference value="CodeSystem/hts-format"/>
        <display value="HTS Format Code System"/>
      </reference>
    </resource>
    <resource>
      <extension url="http://hl7.org/fhir/tools/StructureDefinition/resource-information">
        <valueString value="CodeSystem"/>
      </extension>
      <extension url="http://hl7.org/fhir/StructureDefinition/implementationguide-page">
        <valueUri value="CodeSystem-karyotypic-sex.html"/>
      </extension>
      <reference>
        <reference value="CodeSystem/karyotypic-sex"/>
        <display value="Karyotypic Sex Code System"/>
      </reference>
    </resource>
    <resource>
      <extension url="http://hl7.org/fhir/tools/StructureDefinition/resource-information">
        <valueString value="CodeSystem"/>
      </extension>
      <extension url="http://hl7.org/fhir/StructureDefinition/implementationguide-page">
        <valueUri value="CodeSystem-section-type.html"/>
      </extension>
      <reference>
        <reference value="CodeSystem/section-type"/>
        <display value="Section Type Code System"/>
      </reference>
    </resource>
    <resource>
      <extension url="http://hl7.org/fhir/tools/StructureDefinition/resource-information">
        <valueString value="StructureDefinition:extension"/>
      </extension>
      <extension url="http://hl7.org/fhir/StructureDefinition/implementationguide-page">
        <valueUri value="StructureDefinition-anatomical-orientation.html"/>
      </extension>
      <reference>
        <reference value="StructureDefinition/anatomical-orientation"/>
        <display value="Anatomical Orientation Extension"/>
      </reference>
    </resource>
    <resource>
      <extension url="http://hl7.org/fhir/tools/StructureDefinition/resource-information">
        <valueString value="StructureDefinition:extension"/>
      </extension>
      <extension url="http://hl7.org/fhir/StructureDefinition/implementationguide-page">
        <valueUri value="StructureDefinition-biosample-control.html"/>
      </extension>
      <reference>
        <reference value="StructureDefinition/biosample-control"/>
        <display value="Biosample Control Extension"/>
      </reference>
    </resource>
    <resource>
      <extension url="http://hl7.org/fhir/tools/StructureDefinition/resource-information">
        <valueString value="StructureDefinition:extension"/>
      </extension>
      <extension url="http://hl7.org/fhir/StructureDefinition/implementationguide-page">
        <valueUri value="StructureDefinition-biosample-individual-age-at-collection.html"/>
      </extension>
      <reference>
        <reference value="StructureDefinition/biosample-individual-age-at-collection"/>
        <display value="Biosample Individual Age at Collection Extension"/>
      </reference>
    </resource>
    <resource>
      <extension url="http://hl7.org/fhir/tools/StructureDefinition/resource-information">
        <valueString value="StructureDefinition:resource"/>
      </extension>
      <extension url="http://hl7.org/fhir/StructureDefinition/implementationguide-page">
        <valueUri value="StructureDefinition-Biosample.html"/>
      </extension>
      <reference>
        <reference value="StructureDefinition/Biosample"/>
        <display value="Biosample Profile"/>
      </reference>
    </resource>
    <resource>
      <extension url="http://hl7.org/fhir/tools/StructureDefinition/resource-information">
        <valueString value="StructureDefinition:resource:abstract"/>
      </extension>
      <extension url="http://hl7.org/fhir/StructureDefinition/implementationguide-page">
        <valueUri value="StructureDefinition-CancerCondition.html"/>
      </extension>
      <reference>
        <reference value="StructureDefinition/CancerCondition"/>
        <display value="Cancer Condition Profile"/>
      </reference>
    </resource>
    <resource>
      <extension url="http://hl7.org/fhir/tools/StructureDefinition/resource-information">
        <valueString value="StructureDefinition:resource:abstract"/>
      </extension>
      <extension url="http://hl7.org/fhir/StructureDefinition/implementationguide-page">
        <valueUri value="StructureDefinition-CancerStageGroup.html"/>
      </extension>
      <reference>
        <reference value="StructureDefinition/CancerStageGroup"/>
        <display value="Cancer Stage Group Profile"/>
      </reference>
    </resource>
    <resource>
      <extension url="http://hl7.org/fhir/tools/StructureDefinition/resource-information">
        <valueString value="StructureDefinition:extension"/>
      </extension>
      <extension url="http://hl7.org/fhir/StructureDefinition/implementationguide-page">
        <valueUri value="StructureDefinition-code.html"/>
      </extension>
      <reference>
        <reference value="StructureDefinition/code"/>
        <display value="Code Extension"/>
      </reference>
    </resource>
    <resource>
      <extension url="http://hl7.org/fhir/tools/StructureDefinition/resource-information">
        <valueString value="StructureDefinition:resource"/>
      </extension>
      <extension url="http://hl7.org/fhir/StructureDefinition/implementationguide-page">
        <valueUri value="StructureDefinition-Cohort.html"/>
      </extension>
      <reference>
        <reference value="StructureDefinition/Cohort"/>
        <display value="Cohort Profile"/>
      </reference>
    </resource>
    <resource>
      <extension url="http://hl7.org/fhir/tools/StructureDefinition/resource-information">
        <valueString value="StructureDefinition:extension"/>
      </extension>
      <extension url="http://hl7.org/fhir/StructureDefinition/implementationguide-page">
        <valueUri value="StructureDefinition-disease-onset.html"/>
      </extension>
      <reference>
        <reference value="StructureDefinition/disease-onset"/>
        <display value="Disease Onset Extension"/>
      </reference>
    </resource>
    <resource>
      <extension url="http://hl7.org/fhir/tools/StructureDefinition/resource-information">
        <valueString value="StructureDefinition:resource"/>
      </extension>
      <extension url="http://hl7.org/fhir/StructureDefinition/implementationguide-page">
        <valueUri value="StructureDefinition-Disease.html"/>
      </extension>
      <reference>
        <reference value="StructureDefinition/Disease"/>
        <display value="Disease Profile"/>
      </reference>
    </resource>
    <resource>
      <extension url="http://hl7.org/fhir/tools/StructureDefinition/resource-information">
        <valueString value="StructureDefinition:resource"/>
      </extension>
      <extension url="http://hl7.org/fhir/StructureDefinition/implementationguide-page">
        <valueUri value="StructureDefinition-Encounter-Phenopackets.html"/>
      </extension>
      <reference>
        <reference value="StructureDefinition/Encounter-Phenopackets"/>
        <display value="Encounter-Phenopackets Profile"/>
      </reference>
    </resource>
    <resource>
      <extension url="http://hl7.org/fhir/tools/StructureDefinition/resource-information">
        <valueString value="StructureDefinition:extension"/>
      </extension>
      <extension url="http://hl7.org/fhir/StructureDefinition/implementationguide-page">
        <valueUri value="StructureDefinition-evidence.html"/>
      </extension>
      <reference>
        <reference value="StructureDefinition/evidence"/>
        <display value="Evidence Extension"/>
      </reference>
    </resource>
    <resource>
      <extension url="http://hl7.org/fhir/tools/StructureDefinition/resource-information">
        <valueString value="StructureDefinition:extension"/>
      </extension>
      <extension url="http://hl7.org/fhir/StructureDefinition/implementationguide-page">
        <valueUri value="StructureDefinition-external-reference.html"/>
      </extension>
      <reference>
        <reference value="StructureDefinition/external-reference"/>
        <display value="External Reference Extension"/>
      </reference>
    </resource>
    <resource>
      <extension url="http://hl7.org/fhir/tools/StructureDefinition/resource-information">
        <valueString value="StructureDefinition:resource"/>
      </extension>
      <extension url="http://hl7.org/fhir/StructureDefinition/implementationguide-page">
        <valueUri value="StructureDefinition-Family.html"/>
      </extension>
      <reference>
        <reference value="StructureDefinition/Family"/>
        <display value="Family Profile"/>
      </reference>
    </resource>
    <resource>
      <extension url="http://hl7.org/fhir/tools/StructureDefinition/resource-information">
        <valueString value="StructureDefinition:resource"/>
      </extension>
      <extension url="http://hl7.org/fhir/StructureDefinition/implementationguide-page">
        <valueUri value="StructureDefinition-GenomicsReport.html"/>
      </extension>
      <reference>
        <reference value="StructureDefinition/GenomicsReport"/>
        <display value="Genomics Report Profile"/>
      </reference>
    </resource>
    <resource>
      <extension url="http://hl7.org/fhir/tools/StructureDefinition/resource-information">
        <valueString value="StructureDefinition:extension"/>
      </extension>
      <extension url="http://hl7.org/fhir/StructureDefinition/implementationguide-page">
        <valueUri value="StructureDefinition-histology-morphology-behavior.html"/>
      </extension>
      <reference>
        <reference value="StructureDefinition/histology-morphology-behavior"/>
        <display value="Histology Morphology Behavior Extension"/>
      </reference>
    </resource>
    <resource>
      <extension url="http://hl7.org/fhir/tools/StructureDefinition/resource-information">
        <valueString value="StructureDefinition:extension"/>
      </extension>
      <extension url="http://hl7.org/fhir/StructureDefinition/implementationguide-page">
        <valueUri value="StructureDefinition-htsfile-genome-assembly.html"/>
      </extension>
      <reference>
        <reference value="StructureDefinition/htsfile-genome-assembly"/>
        <display value="HTS File Genome Assembly Extension"/>
      </reference>
    </resource>
    <resource>
      <extension url="http://hl7.org/fhir/tools/StructureDefinition/resource-information">
        <valueString value="StructureDefinition:resource"/>
      </extension>
      <extension url="http://hl7.org/fhir/StructureDefinition/implementationguide-page">
        <valueUri value="StructureDefinition-HtsFile.html"/>
      </extension>
      <reference>
        <reference value="StructureDefinition/HtsFile"/>
        <display value="HTS File Profile"/>
      </reference>
    </resource>
    <resource>
      <extension url="http://hl7.org/fhir/tools/StructureDefinition/resource-information">
        <valueString value="StructureDefinition:extension"/>
      </extension>
      <extension url="http://hl7.org/fhir/StructureDefinition/implementationguide-page">
        <valueUri value="StructureDefinition-htsfiles.html"/>
      </extension>
      <reference>
        <reference value="StructureDefinition/htsfiles"/>
        <display value="HTS Files Extension"/>
      </reference>
    </resource>
    <resource>
      <extension url="http://hl7.org/fhir/tools/StructureDefinition/resource-information">
        <valueString value="StructureDefinition:extension"/>
      </extension>
      <extension url="http://hl7.org/fhir/StructureDefinition/implementationguide-page">
        <valueUri value="StructureDefinition-individual-age.html"/>
      </extension>
      <reference>
        <reference value="StructureDefinition/individual-age"/>
        <display value="Individual Age Extension"/>
      </reference>
    </resource>
    <resource>
      <extension url="http://hl7.org/fhir/tools/StructureDefinition/resource-information">
        <valueString value="StructureDefinition:extension"/>
      </extension>
      <extension url="http://hl7.org/fhir/StructureDefinition/implementationguide-page">
        <valueUri value="StructureDefinition-individual-karyotypic-sex.html"/>
      </extension>
      <reference>
        <reference value="StructureDefinition/individual-karyotypic-sex"/>
        <display value="Individual Karyotypic Sex Extension"/>
      </reference>
    </resource>
    <resource>
      <extension url="http://hl7.org/fhir/tools/StructureDefinition/resource-information">
        <valueString value="StructureDefinition:extension"/>
      </extension>
      <extension url="http://hl7.org/fhir/StructureDefinition/implementationguide-page">
        <valueUri value="StructureDefinition-individual-taxonomy.html"/>
      </extension>
      <reference>
        <reference value="StructureDefinition/individual-taxonomy"/>
        <display value="Individual Taxonomy Extension"/>
      </reference>
    </resource>
    <resource>
      <extension url="http://hl7.org/fhir/tools/StructureDefinition/resource-information">
        <valueString value="StructureDefinition:resource"/>
      </extension>
      <extension url="http://hl7.org/fhir/StructureDefinition/implementationguide-page">
        <valueUri value="StructureDefinition-Individual.html"/>
      </extension>
      <reference>
        <reference value="StructureDefinition/Individual"/>
        <display value="Individual Profile"/>
      </reference>
    </resource>
    <resource>
      <extension url="http://hl7.org/fhir/tools/StructureDefinition/resource-information">
        <valueString value="StructureDefinition:extension"/>
      </extension>
      <extension url="http://hl7.org/fhir/StructureDefinition/implementationguide-page">
        <valueUri value="StructureDefinition-landmark-location.html"/>
      </extension>
      <reference>
        <reference value="StructureDefinition/landmark-location"/>
        <display value="Landmark Location Extension"/>
      </reference>
    </resource>
    <resource>
      <extension url="http://hl7.org/fhir/tools/StructureDefinition/resource-information">
        <valueString value="StructureDefinition:extension"/>
      </extension>
      <extension url="http://hl7.org/fhir/StructureDefinition/implementationguide-page">
        <valueUri value="StructureDefinition-landmark-to-body-location-direction.html"/>
      </extension>
      <reference>
        <reference value="StructureDefinition/landmark-to-body-location-direction"/>
        <display value="Landmark to Body Location Direction Extension"/>
      </reference>
    </resource>
    <resource>
      <extension url="http://hl7.org/fhir/tools/StructureDefinition/resource-information">
        <valueString value="StructureDefinition:extension"/>
      </extension>
      <extension url="http://hl7.org/fhir/StructureDefinition/implementationguide-page">
        <valueUri value="StructureDefinition-landmark-to-body-location-distance.html"/>
      </extension>
      <reference>
        <reference value="StructureDefinition/landmark-to-body-location-distance"/>
        <display value="Landmark to Body Location Distance Extension"/>
      </reference>
    </resource>
    <resource>
      <extension url="http://hl7.org/fhir/tools/StructureDefinition/resource-information">
        <valueString value="StructureDefinition:extension"/>
      </extension>
      <extension url="http://hl7.org/fhir/StructureDefinition/implementationguide-page">
        <valueUri value="StructureDefinition-landmark-type.html"/>
      </extension>
      <reference>
        <reference value="StructureDefinition/landmark-type"/>
        <display value="Landmark Type Extension"/>
      </reference>
    </resource>
    <resource>
      <extension url="http://hl7.org/fhir/tools/StructureDefinition/resource-information">
        <valueString value="StructureDefinition:extension"/>
      </extension>
      <extension url="http://hl7.org/fhir/StructureDefinition/implementationguide-page">
        <valueUri value="StructureDefinition-laterality.html"/>
      </extension>
      <reference>
        <reference value="StructureDefinition/laterality"/>
        <display value="Laterality Extension"/>
      </reference>
    </resource>
    <resource>
      <extension url="http://hl7.org/fhir/tools/StructureDefinition/resource-information">
        <valueString value="StructureDefinition:extension"/>
      </extension>
      <extension url="http://hl7.org/fhir/StructureDefinition/implementationguide-page">
        <valueUri value="StructureDefinition-pedigree-node-affected-status.html"/>
      </extension>
      <reference>
        <reference value="StructureDefinition/pedigree-node-affected-status"/>
        <display value="Affected Status Extension"/>
      </reference>
    </resource>
    <resource>
      <extension url="http://hl7.org/fhir/tools/StructureDefinition/resource-information">
        <valueString value="StructureDefinition:extension"/>
      </extension>
      <extension url="http://hl7.org/fhir/StructureDefinition/implementationguide-page">
        <valueUri value="StructureDefinition-pedigree-node-family-identifier.html"/>
      </extension>
      <reference>
        <reference value="StructureDefinition/pedigree-node-family-identifier"/>
        <display value="Family Identifier Extension"/>
      </reference>
    </resource>
    <resource>
      <extension url="http://hl7.org/fhir/tools/StructureDefinition/resource-information">
        <valueString value="StructureDefinition:extension"/>
      </extension>
      <extension url="http://hl7.org/fhir/StructureDefinition/implementationguide-page">
        <valueUri value="StructureDefinition-pedigree-node-individual.html"/>
      </extension>
      <reference>
        <reference value="StructureDefinition/pedigree-node-individual"/>
        <display value="Pedigree Node Individual Extension"/>
      </reference>
    </resource>
    <resource>
      <extension url="http://hl7.org/fhir/tools/StructureDefinition/resource-information">
        <valueString value="StructureDefinition:resource"/>
      </extension>
      <extension url="http://hl7.org/fhir/StructureDefinition/implementationguide-page">
        <valueUri value="StructureDefinition-PedigreeNode.html"/>
      </extension>
      <reference>
        <reference value="StructureDefinition/PedigreeNode"/>
        <display value="Pedigree Node Profile"/>
      </reference>
    </resource>
    <resource>
      <extension url="http://hl7.org/fhir/tools/StructureDefinition/resource-information">
        <valueString value="StructureDefinition:resource"/>
      </extension>
      <extension url="http://hl7.org/fhir/StructureDefinition/implementationguide-page">
        <valueUri value="StructureDefinition-Phenopacket.html"/>
      </extension>
      <reference>
        <reference value="StructureDefinition/Phenopacket"/>
        <display value="Phenopacket Profile"/>
      </reference>
    </resource>
    <resource>
      <extension url="http://hl7.org/fhir/tools/StructureDefinition/resource-information">
        <valueString value="StructureDefinition:extension"/>
      </extension>
      <extension url="http://hl7.org/fhir/StructureDefinition/implementationguide-page">
        <valueUri value="StructureDefinition-phenotypic-feature-modifier.html"/>
      </extension>
      <reference>
        <reference value="StructureDefinition/phenotypic-feature-modifier"/>
        <display value="Phenotypic Feature Modifier Extension"/>
      </reference>
    </resource>
    <resource>
      <extension url="http://hl7.org/fhir/tools/StructureDefinition/resource-information">
        <valueString value="StructureDefinition:extension"/>
      </extension>
      <extension url="http://hl7.org/fhir/StructureDefinition/implementationguide-page">
        <valueUri value="StructureDefinition-phenotypic-feature-onset.html"/>
      </extension>
      <reference>
        <reference value="StructureDefinition/phenotypic-feature-onset"/>
        <display value="Phenotypci Feature Onset Extension"/>
      </reference>
    </resource>
    <resource>
      <extension url="http://hl7.org/fhir/tools/StructureDefinition/resource-information">
        <valueString value="StructureDefinition:extension"/>
      </extension>
      <extension url="http://hl7.org/fhir/StructureDefinition/implementationguide-page">
        <valueUri value="StructureDefinition-phenotypic-feature-severity.html"/>
      </extension>
      <reference>
        <reference value="StructureDefinition/phenotypic-feature-severity"/>
        <display value="Phenotypic Feature Severity Extension"/>
      </reference>
    </resource>
    <resource>
      <extension url="http://hl7.org/fhir/tools/StructureDefinition/resource-information">
        <valueString value="StructureDefinition:resource"/>
      </extension>
      <extension url="http://hl7.org/fhir/StructureDefinition/implementationguide-page">
        <valueUri value="StructureDefinition-PhenotypicFeature.html"/>
      </extension>
      <reference>
        <reference value="StructureDefinition/PhenotypicFeature"/>
        <display value="Phenotypic Feature Profile"/>
      </reference>
    </resource>
    <resource>
      <extension url="http://hl7.org/fhir/tools/StructureDefinition/resource-information">
        <valueString value="StructureDefinition:extension"/>
      </extension>
      <extension url="http://hl7.org/fhir/StructureDefinition/implementationguide-page">
        <valueUri value="StructureDefinition-primary-cancer-condition.html"/>
      </extension>
      <reference>
        <reference value="StructureDefinition/primary-cancer-condition"/>
        <display value="Primary Cancer Condition Extension"/>
      </reference>
    </resource>
    <resource>
      <extension url="http://hl7.org/fhir/tools/StructureDefinition/resource-information">
        <valueString value="StructureDefinition:resource"/>
      </extension>
      <extension url="http://hl7.org/fhir/StructureDefinition/implementationguide-page">
        <valueUri value="StructureDefinition-PrimaryCancerCondition.html"/>
      </extension>
      <reference>
        <reference value="StructureDefinition/PrimaryCancerCondition"/>
        <display value="Primary Cancer Condition Profile"/>
      </reference>
    </resource>
    <resource>
      <extension url="http://hl7.org/fhir/tools/StructureDefinition/resource-information">
        <valueString value="StructureDefinition:extension"/>
      </extension>
      <extension url="http://hl7.org/fhir/StructureDefinition/implementationguide-page">
        <valueUri value="StructureDefinition-relation-to-landmark.html"/>
      </extension>
      <reference>
        <reference value="StructureDefinition/relation-to-landmark"/>
        <display value="Relation to Landmark Extension"/>
      </reference>
    </resource>
    <resource>
      <extension url="http://hl7.org/fhir/tools/StructureDefinition/resource-information">
        <valueString value="StructureDefinition:resource"/>
      </extension>
      <extension url="http://hl7.org/fhir/StructureDefinition/implementationguide-page">
        <valueUri value="StructureDefinition-SecondaryCancerCondition.html"/>
      </extension>
      <reference>
        <reference value="StructureDefinition/SecondaryCancerCondition"/>
        <display value="Secondary Cancer Condition Profile"/>
      </reference>
    </resource>
    <resource>
      <extension url="http://hl7.org/fhir/tools/StructureDefinition/resource-information">
        <valueString value="StructureDefinition:resource:abstract"/>
      </extension>
      <extension url="http://hl7.org/fhir/StructureDefinition/implementationguide-page">
        <valueUri value="StructureDefinition-TNMClinicalDistantMetastasesCategory.html"/>
      </extension>
      <reference>
        <reference value="StructureDefinition/TNMClinicalDistantMetastasesCategory"/>
        <display value="TNM Clinical Distant Metastases Category"/>
      </reference>
    </resource>
    <resource>
      <extension url="http://hl7.org/fhir/tools/StructureDefinition/resource-information">
        <valueString value="StructureDefinition:resource"/>
      </extension>
      <extension url="http://hl7.org/fhir/StructureDefinition/implementationguide-page">
        <valueUri value="StructureDefinition-TNMClinicalPrimaryTumorCategory.html"/>
      </extension>
      <reference>
        <reference value="StructureDefinition/TNMClinicalPrimaryTumorCategory"/>
        <display value="TNM Clinical Primary Tumor Category"/>
      </reference>
    </resource>
    <resource>
      <extension url="http://hl7.org/fhir/tools/StructureDefinition/resource-information">
        <valueString value="StructureDefinition:resource"/>
      </extension>
      <extension url="http://hl7.org/fhir/StructureDefinition/implementationguide-page">
        <valueUri value="StructureDefinition-TNMClinicalRegionalNodesCategory.html"/>
      </extension>
      <reference>
        <reference value="StructureDefinition/TNMClinicalRegionalNodesCategory"/>
        <display value="TNM Clinical Regional Nodes Category"/>
      </reference>
    </resource>
    <resource>
      <extension url="http://hl7.org/fhir/tools/StructureDefinition/resource-information">
        <valueString value="StructureDefinition:resource"/>
      </extension>
      <extension url="http://hl7.org/fhir/StructureDefinition/implementationguide-page">
        <valueUri value="StructureDefinition-TNMClinicalStageGroup.html"/>
      </extension>
      <reference>
        <reference value="StructureDefinition/TNMClinicalStageGroup"/>
        <display value="TNM Clinical Stage Group Profile"/>
      </reference>
    </resource>
    <resource>
      <extension url="http://hl7.org/fhir/tools/StructureDefinition/resource-information">
        <valueString value="StructureDefinition:resource:abstract"/>
      </extension>
      <extension url="http://hl7.org/fhir/StructureDefinition/implementationguide-page">
        <valueUri value="StructureDefinition-TNMPathologicDistantMetastasesCategory.html"/>
      </extension>
      <reference>
        <reference value="StructureDefinition/TNMPathologicDistantMetastasesCategory"/>
        <display value="TNM Pathologic Distant Metastases Category"/>
      </reference>
    </resource>
    <resource>
      <extension url="http://hl7.org/fhir/tools/StructureDefinition/resource-information">
        <valueString value="StructureDefinition:resource"/>
      </extension>
      <extension url="http://hl7.org/fhir/StructureDefinition/implementationguide-page">
        <valueUri value="StructureDefinition-TNMPathologicPrimaryTumorCategory.html"/>
      </extension>
      <reference>
        <reference value="StructureDefinition/TNMPathologicPrimaryTumorCategory"/>
        <display value="TNM Pathologic Primary Tumor Category"/>
      </reference>
    </resource>
    <resource>
      <extension url="http://hl7.org/fhir/tools/StructureDefinition/resource-information">
        <valueString value="StructureDefinition:resource"/>
      </extension>
      <extension url="http://hl7.org/fhir/StructureDefinition/implementationguide-page">
        <valueUri value="StructureDefinition-TNMPathologicRegionalNodesCategory.html"/>
      </extension>
      <reference>
        <reference value="StructureDefinition/TNMPathologicRegionalNodesCategory"/>
        <display value="TNM Pathologic Regional Nodes Category"/>
      </reference>
    </resource>
    <resource>
      <extension url="http://hl7.org/fhir/tools/StructureDefinition/resource-information">
        <valueString value="StructureDefinition:resource"/>
      </extension>
      <extension url="http://hl7.org/fhir/StructureDefinition/implementationguide-page">
        <valueUri value="StructureDefinition-TNMPathologicStageGroup.html"/>
      </extension>
      <reference>
        <reference value="StructureDefinition/TNMPathologicStageGroup"/>
        <display value="TNM Pathologic Stage Group"/>
      </reference>
    </resource>
    <resource>
      <extension url="http://hl7.org/fhir/tools/StructureDefinition/resource-information">
        <valueString value="ValueSet"/>
      </extension>
      <extension url="http://hl7.org/fhir/StructureDefinition/implementationguide-page">
        <valueUri value="ValueSet-anatomical-direction.html"/>
      </extension>
      <reference>
        <reference value="ValueSet/anatomical-direction"/>
        <display value="Anatomical Direction Value Set"/>
      </reference>
    </resource>
    <resource>
      <extension url="http://hl7.org/fhir/tools/StructureDefinition/resource-information">
        <valueString value="ValueSet"/>
      </extension>
      <extension url="http://hl7.org/fhir/StructureDefinition/implementationguide-page">
        <valueUri value="ValueSet-anatomical-orientation.html"/>
      </extension>
      <reference>
        <reference value="ValueSet/anatomical-orientation"/>
        <display value="Anatomical Orientation Value Set"/>
      </reference>
    </resource>
    <resource>
      <extension url="http://hl7.org/fhir/tools/StructureDefinition/resource-information">
        <valueString value="ValueSet"/>
      </extension>
      <extension url="http://hl7.org/fhir/StructureDefinition/implementationguide-page">
        <valueUri value="ValueSet-cancer-body-location.html"/>
      </extension>
      <reference>
        <reference value="ValueSet/cancer-body-location"/>
        <display value="Cancer Body Location Value Set"/>
      </reference>
    </resource>
    <resource>
      <extension url="http://hl7.org/fhir/tools/StructureDefinition/resource-information">
        <valueString value="ValueSet"/>
      </extension>
      <extension url="http://hl7.org/fhir/StructureDefinition/implementationguide-page">
        <valueUri value="ValueSet-cancer-staging-system.html"/>
      </extension>
      <reference>
        <reference value="ValueSet/cancer-staging-system"/>
        <display value="Cancer Staging System Value Set"/>
      </reference>
    </resource>
    <resource>
      <extension url="http://hl7.org/fhir/tools/StructureDefinition/resource-information">
        <valueString value="ValueSet"/>
      </extension>
      <extension url="http://hl7.org/fhir/StructureDefinition/implementationguide-page">
        <valueUri value="ValueSet-evidence.html"/>
      </extension>
      <reference>
        <reference value="ValueSet/evidence"/>
        <display value="Evidence Value Set"/>
      </reference>
    </resource>
    <resource>
      <extension url="http://hl7.org/fhir/tools/StructureDefinition/resource-information">
        <valueString value="ValueSet"/>
      </extension>
      <extension url="http://hl7.org/fhir/StructureDefinition/implementationguide-page">
        <valueUri value="ValueSet-histology-morphology-behavior.html"/>
      </extension>
      <reference>
        <reference value="ValueSet/histology-morphology-behavior"/>
        <display value="Histology Morphology Behavior Value Set"/>
      </reference>
    </resource>
    <resource>
      <extension url="http://hl7.org/fhir/tools/StructureDefinition/resource-information">
        <valueString value="ValueSet"/>
      </extension>
      <extension url="http://hl7.org/fhir/StructureDefinition/implementationguide-page">
        <valueUri value="ValueSet-hts-format.html"/>
      </extension>
      <reference>
        <reference value="ValueSet/hts-format"/>
        <display value="HTS Format Value Set"/>
      </reference>
    </resource>
    <resource>
      <extension url="http://hl7.org/fhir/tools/StructureDefinition/resource-information">
        <valueString value="ValueSet"/>
      </extension>
      <extension url="http://hl7.org/fhir/StructureDefinition/implementationguide-page">
        <valueUri value="ValueSet-karyotypic-sex.html"/>
      </extension>
      <reference>
        <reference value="ValueSet/karyotypic-sex"/>
        <display value="Karyotypic Sex Value Set"/>
      </reference>
    </resource>
    <resource>
      <extension url="http://hl7.org/fhir/tools/StructureDefinition/resource-information">
        <valueString value="ValueSet"/>
      </extension>
      <extension url="http://hl7.org/fhir/StructureDefinition/implementationguide-page">
        <valueUri value="ValueSet-landmark-type.html"/>
      </extension>
      <reference>
        <reference value="ValueSet/landmark-type"/>
        <display value="Landmark Type Value Set"/>
      </reference>
    </resource>
    <resource>
      <extension url="http://hl7.org/fhir/tools/StructureDefinition/resource-information">
        <valueString value="ValueSet"/>
      </extension>
      <extension url="http://hl7.org/fhir/StructureDefinition/implementationguide-page">
        <valueUri value="ValueSet-onset.html"/>
      </extension>
      <reference>
        <reference value="ValueSet/onset"/>
        <display value="Onset Value Set"/>
      </reference>
    </resource>
    <resource>
      <extension url="http://hl7.org/fhir/tools/StructureDefinition/resource-information">
        <valueString value="ValueSet"/>
      </extension>
      <extension url="http://hl7.org/fhir/StructureDefinition/implementationguide-page">
        <valueUri value="ValueSet-pedigree-affected-status.html"/>
      </extension>
      <reference>
        <reference value="ValueSet/pedigree-affected-status"/>
        <display value="Pedigree Affected Status Value Set"/>
      </reference>
    </resource>
    <resource>
      <extension url="http://hl7.org/fhir/tools/StructureDefinition/resource-information">
        <valueString value="ValueSet"/>
      </extension>
      <extension url="http://hl7.org/fhir/StructureDefinition/implementationguide-page">
        <valueUri value="ValueSet-phenotypic-feature-interpretation.html"/>
      </extension>
      <reference>
        <reference value="ValueSet/phenotypic-feature-interpretation"/>
        <display value="Presence Value Set"/>
      </reference>
    </resource>
    <resource>
      <extension url="http://hl7.org/fhir/tools/StructureDefinition/resource-information">
        <valueString value="ValueSet"/>
      </extension>
      <extension url="http://hl7.org/fhir/StructureDefinition/implementationguide-page">
        <valueUri value="ValueSet-phenotypic-feature-modifier.html"/>
      </extension>
      <reference>
        <reference value="ValueSet/phenotypic-feature-modifier"/>
        <display value="Phenotypic Feature Modifier Value Set"/>
      </reference>
    </resource>
    <resource>
      <extension url="http://hl7.org/fhir/tools/StructureDefinition/resource-information">
        <valueString value="ValueSet"/>
      </extension>
      <extension url="http://hl7.org/fhir/StructureDefinition/implementationguide-page">
        <valueUri value="ValueSet-phenotypic-feature-severity.html"/>
      </extension>
      <reference>
        <reference value="ValueSet/phenotypic-feature-severity"/>
        <display value="Phenotypic Feature Severity Value Set"/>
      </reference>
    </resource>
    <resource>
      <extension url="http://hl7.org/fhir/tools/StructureDefinition/resource-information">
        <valueString value="ValueSet"/>
      </extension>
      <extension url="http://hl7.org/fhir/StructureDefinition/implementationguide-page">
        <valueUri value="ValueSet-phenotypic-feature-type.html"/>
      </extension>
      <reference>
        <reference value="ValueSet/phenotypic-feature-type"/>
        <display value="Phenotype Type Value Set"/>
      </reference>
    </resource>
    <resource>
      <extension url="http://hl7.org/fhir/tools/StructureDefinition/resource-information">
        <valueString value="ValueSet"/>
      </extension>
      <extension url="http://hl7.org/fhir/StructureDefinition/implementationguide-page">
        <valueUri value="ValueSet-primary-or-uncertain-behavior-cancer-disorder.html"/>
      </extension>
      <reference>
        <reference value="ValueSet/primary-or-uncertain-behavior-cancer-disorder"/>
        <display value="Primary Or Uncertain Behavior Cancer Disorder Value Set"/>
      </reference>
    </resource>
    <resource>
      <extension url="http://hl7.org/fhir/tools/StructureDefinition/resource-information">
        <valueString value="ValueSet"/>
      </extension>
      <extension url="http://hl7.org/fhir/StructureDefinition/implementationguide-page">
        <valueUri value="ValueSet-secondary-cancer-disorder.html"/>
      </extension>
      <reference>
        <reference value="ValueSet/secondary-cancer-disorder"/>
        <display value="Secondary Cancer Disorder Value Set"/>
      </reference>
    </resource>
    <resource>
      <extension url="http://hl7.org/fhir/tools/StructureDefinition/resource-information">
        <valueString value="ValueSet"/>
      </extension>
      <extension url="http://hl7.org/fhir/StructureDefinition/implementationguide-page">
        <valueUri value="ValueSet-taxonomy.html"/>
      </extension>
      <reference>
        <reference value="ValueSet/taxonomy"/>
        <display value="Taxonomy Value Set"/>
      </reference>
    </resource>
    <resource>
      <extension url="http://hl7.org/fhir/tools/StructureDefinition/resource-information">
        <valueString value="ValueSet"/>
      </extension>
      <extension url="http://hl7.org/fhir/StructureDefinition/implementationguide-page">
        <valueUri value="ValueSet-tnm-distant-metastases-category.html"/>
      </extension>
      <reference>
        <reference value="ValueSet/tnm-distant-metastases-category"/>
        <display value="TNM Distant Metastases Category Value Set"/>
      </reference>
    </resource>
    <resource>
      <extension url="http://hl7.org/fhir/tools/StructureDefinition/resource-information">
        <valueString value="ValueSet"/>
      </extension>
      <extension url="http://hl7.org/fhir/StructureDefinition/implementationguide-page">
        <valueUri value="ValueSet-tnm-primary-tumor-category.html"/>
      </extension>
      <reference>
        <reference value="ValueSet/tnm-primary-tumor-category"/>
        <display value="TNM Primary Tumor Category Value Set"/>
      </reference>
    </resource>
    <resource>
      <extension url="http://hl7.org/fhir/tools/StructureDefinition/resource-information">
        <valueString value="ValueSet"/>
      </extension>
      <extension url="http://hl7.org/fhir/StructureDefinition/implementationguide-page">
        <valueUri value="ValueSet-tnm-regional-nodes-category.html"/>
      </extension>
      <reference>
        <reference value="ValueSet/tnm-regional-nodes-category"/>
        <display value="TNM Regional Nodes Category Value Set"/>
      </reference>
    </resource>
    <resource>
      <extension url="http://hl7.org/fhir/tools/StructureDefinition/resource-information">
        <valueString value="ValueSet"/>
      </extension>
      <extension url="http://hl7.org/fhir/StructureDefinition/implementationguide-page">
        <valueUri value="ValueSet-tnm-stage-group.html"/>
      </extension>
      <reference>
        <reference value="ValueSet/tnm-stage-group"/>
        <display value="TNM Stage Group Value Set"/>
      </reference>
    </resource>
    <resource>
      <extension url="http://hl7.org/fhir/tools/StructureDefinition/resource-information">
        <valueString value="ValueSet"/>
      </extension>
      <extension url="http://hl7.org/fhir/StructureDefinition/implementationguide-page">
        <valueUri value="ValueSet-units-of-length.html"/>
      </extension>
      <reference>
        <reference value="ValueSet/units-of-length"/>
        <display value="Units of Length Value Set"/>
      </reference>
    </resource>
    <page>
      <nameUrl value="toc.md"/>
      <title value="Table of Contents"/>
      <generation value="generated"/>
      <page>
        <nameUrl value="Home.html"/>
        <title value="Home"/>
        <generation value="markdown"/>
        <page>
          <nameUrl value="Overview.html"/>
          <title value="Overview"/>
          <generation value="markdown"/>
        </page>
      </page>
      <page>
        <nameUrl value="Introduction.html"/>
        <title value="Introduction"/>
        <generation value="markdown"/>
        <page>
          <nameUrl value="Purpose_Content_and_Organization.html"/>
          <title value="Purpose Content and Organization"/>
          <generation value="markdown"/>
        </page>
        <page>
          <nameUrl value="About_FHIR.html"/>
          <title value="About FHIR"/>
          <generation value="markdown"/>
        </page>
        <page>
          <nameUrl value="About_Supporting_Specifications.html"/>
          <title value="About Supporting Specifications"/>
          <generation value="markdown"/>
        </page>
      </page>
      <page>
        <nameUrl value="Credits.html"/>
        <title value="Credits"/>
        <generation value="markdown"/>
      </page>
    </page>
  </definition>
</ImplementationGuide>