{
  "resourceType": "ValueSet",
  "id": "tumor-stage",
  "text": {
    "status": "generated",
    "div": "<div xmlns=\"http://www.w3.org/1999/xhtml\"><h2>Tumor Stage</h2><div><p>Codes to represent the stage of a tumor.</p>\n</div><p>This value set includes codes from the following code systems:</p><ul><li>Include codes from <code>http://purl.obolibrary.org/obo/ncit.owl</code> where concept  descends from  NCIT:C48232</li></ul></div>"
  },
  "url": "http://ga4gh.org/fhir/phenopackets/ValueSet/tumor-stage",
  "version": "0.1.0",
  "name": "TumorStage",
  "title": "Tumor Stage",
  "status": "draft",
  "experimental": false,
  "date": "2019-11-29T14:40:16+10:00",
  "publisher": "Global Alliance for Genomics and Health",
  "contact": [
    {
      "telecom": [
        {
          "system": "url",
          "value": "http://ga4gh.org"
        }
      ]
    }
  ],
  "description": "Codes to represent the stage of a tumor.",
  "compose": {
    "include": [
      {
        "system": "http://purl.obolibrary.org/obo/ncit.owl",
        "filter": [
          {
            "property": "concept",
            "op": "descendent-of",
            "value": "NCIT:C48232"
          }
        ]
      }
    ]
  }
}