{
  "resourceType": "ValueSet",
  "id": "HTSFormat",
  "text": {
    "status": "generated",
    "div": "<div xmlns=\"http://www.w3.org/1999/xhtml\"><h2>HTS Format</h2><div><p>Represents different high-throughput sequencing file formats.</p>\n</div><p>This value set includes codes from the following code systems:</p><ul><li>Include all codes defined in <a href=\"CodeSystem-HtsFormat.html\"><code>http://ga4gh.org/fhir/phenopackets/CodeSystem/HtsFormat</code></a></li></ul></div>"
  },
  "url": "http://ga4gh.org/fhir/phenopackets/ValueSet/HTSFormat",
  "version": "0.1.0",
  "name": "HTSFormat",
  "title": "HTS Format",
  "status": "active",
  "date": "2020-02-14T16:13:10+10:00",
  "publisher": "Alejandro Metke",
  "contact": [
    {
      "name": "Alejandro Metke"
    }
  ],
  "description": "Represents different high-throughput sequencing file formats.",
  "compose": {
    "include": [
      {
        "system": "http://ga4gh.org/fhir/phenopackets/CodeSystem/HtsFormat"
      }
    ]
  }
}