<?xml version="1.0" encoding="UTF-8"?>

<ValueSet xmlns="http://hl7.org/fhir">
  <id value="karyotypic-sex"/>
  <text>
    <status value="generated"/><div xmlns="http://www.w3.org/1999/xhtml"><h2>Karyotypic Sex</h2><div><p>Represents the chromosomal sex of an individual.</p>
</div><p>This value set includes codes from the following code systems:</p><ul><li>Include all codes defined in <a href="CodeSystem-karyotypic-sex.html"><code>http://ga4gh.org/fhir/phenopackets/CodeSystem/karyotypic-sex</code></a></li></ul></div>
  </text>
  <url value="http://ga4gh.org/fhir/phenopackets/ValueSet/karyotypic-sex"/>
  <version value="0.1.0"/>
  <name value="KaryotypicSex"/>
  <title value="Karyotypic Sex"/>
  <status value="draft"/>
  <experimental value="false"/>
  <date value="2019-10-18T20:32:59+10:00"/>
  <publisher value="Global Alliance for Genomics and Health"/>
  <contact>
    <telecom>
      <system value="url"/>
      <value value="http://ga4gh.org"/>
    </telecom>
  </contact>
  <description value="Represents the chromosomal sex of an individual."/>
  <compose>
    <include>
      <system value="http://ga4gh.org/fhir/phenopackets/CodeSystem/karyotypic-sex"/>
    </include>
  </compose>
</ValueSet>