<?xml version="1.0" encoding="UTF-8"?>

<ValueSet xmlns="http://hl7.org/fhir">
  <id value="primary-or-uncertain-behavior-cancer-disorder"/>
  <text>
    <status value="generated"/><div xmlns="http://www.w3.org/1999/xhtml"><h2>Primary Or Uncertain Behavior Cancer Disorder</h2><div><p>Types of primary malignant neoplastic disease, coded in SNOMED CT. Use a code from the disorder hierarchy under SNOMED CT 363346000 'Malignant neoplastic disease (disorder)' excluding codes descending from SNOMED CT 128462008 'Secondary malignant neoplastic disease (disorder)'. If body location is not precoordinated (i.e., implied by the code), the site of the primary tumor should be specified in the body site attribute.</p>
</div><p>This value set includes codes from the following code systems:</p><ul><li>Include codes from <a href="http://www.snomed.org/"><code>http://snomed.info/sct</code></a> where concept  is-a  363346000</li><li>Exclude codes from <a href="http://www.snomed.org/"><code>http://snomed.info/sct</code></a> where concept  is-a  128462008</li></ul></div>
  </text>
  <url value="http://ga4gh.org/fhir/phenopackets/ValueSet/primary-or-uncertain-behavior-cancer-disorder"/>
  <version value="0.1.0"/>
  <name value="PrimaryOrUncertainBehaviorCancerDisorder"/>
  <title value="Primary Or Uncertain Behavior Cancer Disorder"/>
  <status value="draft"/>
  <experimental value="false"/>
  <date value="2019-10-18T20:32:59+10:00"/>
  <publisher value="Global Alliance for Genomics and Health"/>
  <contact>
    <telecom>
      <system value="url"/>
      <value value="http://ga4gh.org"/>
    </telecom>
  </contact>
  <description value="Types of primary malignant neoplastic disease, coded in SNOMED CT. Use a code from the disorder hierarchy under SNOMED CT 363346000 &#39;Malignant neoplastic disease (disorder)&#39; excluding codes descending from SNOMED CT 128462008 &#39;Secondary malignant neoplastic disease (disorder)&#39;. If body location is not precoordinated (i.e., implied by the code), the site of the primary tumor should be specified in the body site attribute."/>
  <compose>
    <include>
      <system value="http://snomed.info/sct"/>
      <filter>
        <property value="concept"/>
        <op value="is-a"/>
        <value value="363346000"/>
      </filter>
    </include>
    <exclude>
      <system value="http://snomed.info/sct"/>
      <filter>
        <property value="concept"/>
        <op value="is-a"/>
        <value value="128462008"/>
      </filter>
    </exclude>
  </compose>
</ValueSet>