<?xml version="1.0" encoding="UTF-8"?>

<ValueSet xmlns="http://hl7.org/fhir">
  <id value="hts-format"/>
  <text>
    <status value="generated"/><div xmlns="http://www.w3.org/1999/xhtml"><h2>HTS Format</h2><div><p>Represents different high-throughput sequencing file formats.</p>
</div><p>This value set includes codes from the following code systems:</p><ul><li>Include all codes defined in <a href="CodeSystem-hts-format.html"><code>http://ga4gh.org/fhir/phenopackets/CodeSystem/hts-format</code></a></li></ul></div>
  </text>
  <url value="http://ga4gh.org/fhir/phenopackets/ValueSet/hts-format"/>
  <version value="0.1.0"/>
  <name value="HTSFormat"/>
  <title value="HTS Format"/>
  <status value="draft"/>
  <experimental value="false"/>
  <date value="2019-10-18T20:32:59+10:00"/>
  <publisher value="Global Alliance for Genomics and Health"/>
  <contact>
    <telecom>
      <system value="url"/>
      <value value="http://ga4gh.org"/>
    </telecom>
  </contact>
  <description value="Represents different high-throughput sequencing file formats."/>
  <compose>
    <include>
      <system value="http://ga4gh.org/fhir/phenopackets/CodeSystem/hts-format"/>
    </include>
  </compose>
</ValueSet>