<?xml version="1.0" encoding="UTF-8"?>

<ValueSet xmlns="http://hl7.org/fhir">
  <id value="cancer-staging-system"/>
  <text>
    <status value="generated"/><div xmlns="http://www.w3.org/1999/xhtml"><h2>Cancer Staging System</h2><div><p>System used for staging. Because SNOMED CT does not currently have a code representing AJCC Version 8, specify the exact text 'AJCC Version 8' in the text sub-field of the code structure, and omit the code.</p>
</div><p>This value set includes codes from the following code systems:</p><ul><li>Include these codes as defined in <a href="http://www.snomed.org/"><code>http://snomed.info/sct</code></a><table class="none"><tr><td style="white-space:nowrap"><b>Code</b></td><td><b>Display</b></td></tr><tr><td><a href="http://browser.ihtsdotools.org/?perspective=full&amp;conceptId1=444256004">444256004</a></td><td>American Joint Commission on Cancer, Cancer Staging Manual, 6th edition neoplasm staging system (tumor staging)</td><td/></tr><tr><td><a href="http://browser.ihtsdotools.org/?perspective=full&amp;conceptId1=443830009">443830009</a></td><td>American Joint Commission on Cancer, Cancer Staging Manual, 7th edition neoplasm staging system (tumor staging)</td><td/></tr><tr><td><a href="http://browser.ihtsdotools.org/?perspective=full&amp;conceptId1=258235000">258235000</a></td><td>International Union Against Cancer (tumor staging)</td><td/></tr></table></li></ul></div>
  </text>
  <url value="http://ga4gh.org/fhir/phenopackets/ValueSet/cancer-staging-system"/>
  <version value="0.1.0"/>
  <name value="CancerStagingSystem"/>
  <title value="Cancer Staging System"/>
  <status value="draft"/>
  <experimental value="false"/>
  <date value="2019-10-18T20:32:59+10:00"/>
  <publisher value="Global Alliance for Genomics and Health"/>
  <contact>
    <telecom>
      <system value="url"/>
      <value value="http://ga4gh.org"/>
    </telecom>
  </contact>
  <description value="System used for staging. Because SNOMED CT does not currently have a code representing AJCC Version 8, specify the exact text &#39;AJCC Version 8&#39; in the text sub-field of the code structure, and omit the code."/>
  <compose>
    <include>
      <system value="http://snomed.info/sct"/>
      <concept>
        <code value="444256004"/>
        <display value="American Joint Commission on Cancer, Cancer Staging Manual, 6th edition neoplasm staging system (tumor staging)"/>
      </concept>
      <concept>
        <code value="443830009"/>
        <display value="American Joint Commission on Cancer, Cancer Staging Manual, 7th edition neoplasm staging system (tumor staging)"/>
      </concept>
      <concept>
        <code value="258235000"/>
        <display value="International Union Against Cancer (tumor staging)"/>
      </concept>
    </include>
  </compose>
</ValueSet>