{
  "resourceType": "ValueSet",
  "id": "units-of-length",
  "text": {
    "status": "generated",
    "div": "<div xmlns=\"http://www.w3.org/1999/xhtml\"><h2>Units Of Length</h2><div><p>Units of measure related to length or distance.</p>\n</div><p>This value set includes codes from the following code systems:</p><ul><li>Include these codes as defined in <a href=\"http://unitsofmeasure.org\"><code>http://unitsofmeasure.org</code></a><table class=\"none\"><tr><td style=\"white-space:nowrap\"><b>Code</b></td><td><b>Display</b></td></tr><tr><td>pm</td><td>Picometer</td><td/></tr><tr><td>nm</td><td>Nanometer</td><td/></tr><tr><td>mm</td><td>Millimeter</td><td/></tr><tr><td>cm</td><td>Centimeter</td><td/></tr><tr><td>m</td><td>Meter</td><td/></tr><tr><td>ft-us</td><td>Foot</td><td/></tr><tr><td>in-us</td><td>Inch</td><td/></tr></table></li></ul></div>"
  },
  "url": "http://ga4gh.org/fhir/phenopackets/ValueSet/units-of-length",
  "version": "0.1.0",
  "name": "UnitsOfLength",
  "title": "Units Of Length",
  "status": "draft",
  "experimental": false,
  "date": "2019-10-18T20:32:59+10:00",
  "publisher": "Global Alliance for Genomics and Health",
  "contact": [
    {
      "telecom": [
        {
          "system": "url",
          "value": "http://ga4gh.org"
        }
      ]
    }
  ],
  "description": "Units of measure related to length or distance.",
  "compose": {
    "include": [
      {
        "system": "http://unitsofmeasure.org",
        "concept": [
          {
            "code": "pm",
            "display": "Picometer"
          },
          {
            "code": "nm",
            "display": "Nanometer"
          },
          {
            "code": "mm",
            "display": "Millimeter"
          },
          {
            "code": "cm",
            "display": "Centimeter"
          },
          {
            "code": "m",
            "display": "Meter"
          },
          {
            "code": "ft-us",
            "display": "Foot"
          },
          {
            "code": "in-us",
            "display": "Inch"
          }
        ]
      }
    ]
  }
}