{"resourceType":"ValueSet","id":"tnm-distant-metastases-category","text":{"status":"generated","div":"<div xmlns=\"http://www.w3.org/1999/xhtml\"><h2>TNM Distant Metastases Category</h2><div><p>This value set is intended to contain allowable values for the M category, according to TNM staging rules. SNOMED CT codes or AJCC codes (preferrably, version 8 for current cancers) are allowed, but are not listed here due to AJCC intellectual property restrictions.</p>\n<ul>\n<li>\n<p>AJCC terminology: examples of M categories include 'cM0', denoting there is no evidence of distant metastases, and 'pM1', an indication that the cancer has metasticized. The full set of allowable clinical and pathologic M categories, along with its current descriptions, can be accessed through the AJCC Staging Manual and any applicable updates and corrections, as well as the AJCC API.</p>\n</li>\n<li>\n<p>SNOMED CT: The SNOMED CT US Edition has content related to the M category under the hierarchy of 385380006 'Metastasis category finding', such as 30893008 'M0 category' and 443841006 'pM1a category'. If using SNOMED CT to store M category findings, the use of codes that do not contain descriptions of the categories, such as the examples provided, is encouraged, as stage finding codes in SNOMED CT may not be up-to-date with current AJCC guidance. Note that SNOMED CT codes do not always make a distinction between clinical and pathological classifications (e.g. 'cM0' and 'pM0' may be represented by the same SNOMED CT code 30893008 'M0 category'). In addition, SNOMED CT may not have complete TNM staging terminology and may require supplementation with codes from another controlled vocabulary (e.g. NCI Thesaurus).</p>\n</li>\n</ul>\n</div><p>This value set includes codes from the following code systems:</p><ul><li>Include all codes defined in <code>http://cancerstaging.org</code></li></ul></div>"},"url":"http://ga4gh.org/fhir/phenopackets/ValueSet/tnm-distant-metastases-category","version":"0.1.0","name":"TNMDistantMetastasesCategory","title":"TNM Distant Metastases Category","status":"draft","experimental":false,"date":"2019-10-18T20:32:59+10:00","publisher":"Global Alliance for Genomics and Health","contact":[{"telecom":[{"system":"url","value":"http://ga4gh.org"}]}],"description":"This value set is intended to contain allowable values for the M category, according to TNM staging rules. SNOMED CT codes or AJCC codes (preferrably, version 8 for current cancers) are allowed, but are not listed here due to AJCC intellectual property restrictions.\n\n* AJCC terminology: examples of M categories include 'cM0', denoting there is no evidence of distant metastases, and 'pM1', an indication that the cancer has metasticized. The full set of allowable clinical and pathologic M categories, along with its current descriptions, can be accessed through the AJCC Staging Manual and any applicable updates and corrections, as well as the AJCC API.\n\n* SNOMED CT: The SNOMED CT US Edition has content related to the M category under the hierarchy of 385380006 'Metastasis category finding', such as 30893008 'M0 category' and 443841006 'pM1a category'. If using SNOMED CT to store M category findings, the use of codes that do not contain descriptions of the categories, such as the examples provided, is encouraged, as stage finding codes in SNOMED CT may not be up-to-date with current AJCC guidance. Note that SNOMED CT codes do not always make a distinction between clinical and pathological classifications (e.g. 'cM0' and 'pM0' may be represented by the same SNOMED CT code 30893008 'M0 category'). In addition, SNOMED CT may not have complete TNM staging terminology and may require supplementation with codes from another controlled vocabulary (e.g. NCI Thesaurus).","compose":{"include":[{"system":"http://cancerstaging.org"}]}}