{"resourceType":"ValueSet","id":"phenotypic-feature-type","text":{"status":"generated","div":"<div xmlns=\"http://www.w3.org/1999/xhtml\"><h2>Phenotypic Feature Type</h2><div><p>The primary ontology class which describes the phenotype.</p>\n</div><p>This value set includes codes from the following code systems:</p><ul><li>Include codes from <code>http://purl.obolibrary.org/obo/hp.owl</code> where concept  descends from  HP:0000118</li><li>Include codes from <a href=\"http://www.snomed.org/\"><code>http://snomed.info/sct</code></a> where concept  descends from  404684003</li></ul></div>"},"url":"http://ga4gh.org/fhir/phenopackets/ValueSet/phenotypic-feature-type","version":"0.1.0","name":"PhenotypicFeatureType","title":"Phenotypic Feature Type","status":"draft","experimental":false,"date":"2019-12-02T08:48:39+10:00","publisher":"Global Alliance for Genomics and Health","contact":[{"telecom":[{"system":"url","value":"http://ga4gh.org"}]}],"description":"The primary ontology class which describes the phenotype.","compose":{"include":[{"system":"http://purl.obolibrary.org/obo/hp.owl","filter":[{"property":"concept","op":"descendent-of","value":"HP:0000118"}]},{"system":"http://snomed.info/sct","filter":[{"property":"concept","op":"descendent-of","value":"404684003"}]}]}}