{"resourceType":"ValueSet","id":"DiagnosticMarkers","text":{"status":"generated","div":"<div xmlns=\"http://www.w3.org/1999/xhtml\"><h2>Diagnostic Markers</h2><div><p>Codes to indicate clinically relevant bio markers.</p>\n</div><p>This value set includes codes from the following code systems:</p><ul><li>Include codes from <code>http://purl.obolibrary.org/obo/ncit.owl</code> where concept  descends from  NCIT:C36292 (Laboratory Test Result)</li></ul></div>"},"url":"http://ga4gh.org/fhir/phenopackets/ValueSet/DiagnosticMarkers","version":"0.1.0","name":"DiagnosticMarkers","title":"Diagnostic Markers","status":"active","date":"2020-02-14T16:13:10+10:00","publisher":"Alejandro Metke","contact":[{"name":"Alejandro Metke"}],"description":"Codes to indicate clinically relevant bio markers.","compose":{"include":[{"system":"http://purl.obolibrary.org/obo/ncit.owl","filter":[{"property":"concept","op":"descendent-of","value":"NCIT:C36292"}]}]}}