{"resourceType":"ValueSet","id":"anatomical-direction","text":{"status":"generated","div":"<div xmlns=\"http://www.w3.org/1999/xhtml\"><h2>Anatomical Direction</h2><div><p>Terms that specify anatomical direction.</p>\n</div><p>This value set includes codes from the following code systems:</p><ul><li>Include codes from <a href=\"http://www.snomed.org/\"><code>http://snomed.info/sct</code></a> where concept  is-a  272424004</li></ul></div>"},"url":"http://ga4gh.org/fhir/phenopackets/ValueSet/anatomical-direction","version":"0.1.0","name":"AnatomicalDirection","title":"Anatomical Direction","status":"draft","experimental":false,"date":"2019-10-18T20:32:59+10:00","publisher":"Global Alliance for Genomics and Health","contact":[{"telecom":[{"system":"url","value":"http://ga4gh.org"}]}],"description":"Terms that specify anatomical direction.","compose":{"include":[{"system":"http://snomed.info/sct","filter":[{"property":"concept","op":"is-a","value":"272424004"}]}]}}