{"resourceType":"ValueSet","id":"tumor-grade","text":{"status":"generated","div":"<div xmlns=\"http://www.w3.org/1999/xhtml\"><h2>Tumor Grade</h2><div><p>Codes to indicate the grade of a tumor.</p>\n</div><p>This value set includes codes from the following code systems:</p><ul><li>Include codes from <code>http://purl.obolibrary.org/obo/ncit.owl</code> where concept  descends from  NCIT:C28076</li></ul></div>"},"url":"http://ga4gh.org/fhir/phenopackets/ValueSet/tumor-grade","version":"0.1.0","name":"TumorGrade","title":"Tumor Grade","status":"draft","experimental":false,"date":"2019-11-29T14:40:16+10:00","publisher":"Global Alliance for Genomics and Health","contact":[{"telecom":[{"system":"url","value":"http://ga4gh.org"}]}],"description":"Codes to indicate the grade of a tumor.","compose":{"include":[{"system":"http://purl.obolibrary.org/obo/ncit.owl","filter":[{"property":"concept","op":"descendent-of","value":"NCIT:C28076"}]}]}}