{"resourceType":"ValueSet","id":"AffectedStatus","text":{"status":"generated","div":"<div xmlns=\"http://www.w3.org/1999/xhtml\"><h2>Affected Status</h2><div><p>An enumeration used to represent whether a person is affected by a condition of interest in the context of a pedigree.</p>\n</div><p>This value set includes codes from the following code systems:</p><ul><li>Include all codes defined in <a href=\"CodeSystem-AffectedStatus.html\"><code>http://ga4gh.org/fhir/phenopackets/CodeSystem/AffectedStatus</code></a></li></ul></div>"},"url":"http://ga4gh.org/fhir/phenopackets/ValueSet/AffectedStatus","version":"0.1.0","name":"AffectedStatus","title":"Affected Status","status":"active","date":"2020-02-14T16:13:10+10:00","publisher":"Alejandro Metke","contact":[{"name":"Alejandro Metke"}],"description":"An enumeration used to represent whether a person is affected by a condition of interest in the context of a pedigree.","compose":{"include":[{"system":"http://ga4gh.org/fhir/phenopackets/CodeSystem/AffectedStatus"}]}}