{"resourceType":"ValueSet","id":"Onset","text":{"status":"generated","div":"<div xmlns=\"http://www.w3.org/1999/xhtml\"><h2>Onset</h2><div><p>Onset codes from the Human Phenotype Ontology and SNOMED CT.</p>\n</div><p>This value set includes codes from the following code systems:</p><ul><li>Include codes from <code>http://purl.obolibrary.org/obo/hp.owl</code> where concept  descends from  HP:0003674 (Onset)</li><li>Include codes from <a href=\"http://www.snomed.org/\"><code>http://snomed.info/sct</code></a> where concept  descends from  282032007 (Periods of life)</li></ul></div>"},"url":"http://ga4gh.org/fhir/phenopackets/ValueSet/Onset","version":"0.1.0","name":"Onset","title":"Onset","status":"active","date":"2020-02-14T16:13:10+10:00","publisher":"Alejandro Metke","contact":[{"name":"Alejandro Metke"}],"description":"Onset codes from the Human Phenotype Ontology and SNOMED CT.","compose":{"include":[{"system":"http://purl.obolibrary.org/obo/hp.owl","filter":[{"property":"concept","op":"descendent-of","value":"HP:0003674"}]},{"system":"http://snomed.info/sct","filter":[{"property":"concept","op":"descendent-of","value":"282032007"}]}]}}