{"resourceType":"ValueSet","id":"KaryotypicSex","text":{"status":"generated","div":"<div xmlns=\"http://www.w3.org/1999/xhtml\"><h2>Karyotypic Sex</h2><div><p>Represents the chromosomal sex of an individual.</p>\n</div><p>This value set includes codes from the following code systems:</p><ul><li>Include all codes defined in <a href=\"CodeSystem-KaryotypicSex.html\"><code>http://ga4gh.org/fhir/phenopackets/CodeSystem/KaryotypicSex</code></a></li></ul></div>"},"url":"http://ga4gh.org/fhir/phenopackets/ValueSet/KaryotypicSex","version":"0.1.0","name":"KaryotypicSex","title":"Karyotypic Sex","status":"active","date":"2020-02-14T16:13:10+10:00","publisher":"Alejandro Metke","contact":[{"name":"Alejandro Metke"}],"description":"Represents the chromosomal sex of an individual.","compose":{"include":[{"system":"http://ga4gh.org/fhir/phenopackets/CodeSystem/KaryotypicSex"}]}}