{"resourceType":"ValueSet","id":"primary-or-uncertain-behavior-cancer-disorder","text":{"status":"generated","div":"<div xmlns=\"http://www.w3.org/1999/xhtml\"><h2>Primary Or Uncertain Behavior Cancer Disorder</h2><div><p>Types of primary malignant neoplastic disease, coded in SNOMED CT. Use a code from the disorder hierarchy under SNOMED CT 363346000 'Malignant neoplastic disease (disorder)' excluding codes descending from SNOMED CT 128462008 'Secondary malignant neoplastic disease (disorder)'. If body location is not precoordinated (i.e., implied by the code), the site of the primary tumor should be specified in the body site attribute.</p>\n</div><p>This value set includes codes from the following code systems:</p><ul><li>Include codes from <a href=\"http://www.snomed.org/\"><code>http://snomed.info/sct</code></a> where concept  is-a  363346000</li><li>Exclude codes from <a href=\"http://www.snomed.org/\"><code>http://snomed.info/sct</code></a> where concept  is-a  128462008</li></ul></div>"},"url":"http://ga4gh.org/fhir/phenopackets/ValueSet/primary-or-uncertain-behavior-cancer-disorder","version":"0.1.0","name":"PrimaryOrUncertainBehaviorCancerDisorder","title":"Primary Or Uncertain Behavior Cancer Disorder","status":"draft","experimental":false,"date":"2019-10-18T20:32:59+10:00","publisher":"Global Alliance for Genomics and Health","contact":[{"telecom":[{"system":"url","value":"http://ga4gh.org"}]}],"description":"Types of primary malignant neoplastic disease, coded in SNOMED CT. Use a code from the disorder hierarchy under SNOMED CT 363346000 'Malignant neoplastic disease (disorder)' excluding codes descending from SNOMED CT 128462008 'Secondary malignant neoplastic disease (disorder)'. If body location is not precoordinated (i.e., implied by the code), the site of the primary tumor should be specified in the body site attribute.","compose":{"include":[{"system":"http://snomed.info/sct","filter":[{"property":"concept","op":"is-a","value":"363346000"}]}],"exclude":[{"system":"http://snomed.info/sct","filter":[{"property":"concept","op":"is-a","value":"128462008"}]}]}}