{"resourceType":"ValueSet","id":"TumorGrade","text":{"status":"generated","div":"<div xmlns=\"http://www.w3.org/1999/xhtml\"><h2>Tumor Grade</h2><div><p>Codes to indicate the grade of a tumor.</p>\n</div><p>This value set includes codes from the following code systems:</p><ul><li>Include codes from <code>http://purl.obolibrary.org/obo/ncit.owl</code> where concept  descends from  NCIT:C28076 (Disease Grade Qualifier)</li></ul></div>"},"url":"http://ga4gh.org/fhir/phenopackets/ValueSet/TumorGrade","version":"0.1.0","name":"TumorGrade","title":"Tumor Grade","status":"active","date":"2020-02-14T16:13:10+10:00","publisher":"Alejandro Metke","contact":[{"name":"Alejandro Metke"}],"description":"Codes to indicate the grade of a tumor.","compose":{"include":[{"system":"http://purl.obolibrary.org/obo/ncit.owl","filter":[{"property":"concept","op":"descendent-of","value":"NCIT:C28076"}]}]}}