{
  "resourceType": "CodeSystem",
  "id": "SectionType",
  "text": {
    "status": "generated",
    "div": "<div xmlns=\"http://www.w3.org/1999/xhtml\"><h2>Section Type</h2><div><p>Represents the different types of sections in the objects that are built as compositions in the Phenopackets standard.</p>\n</div><p>This code system http://ga4gh.org/fhir/phenopackets/CodeSystem/SectionType defines the following codes:</p><table class=\"codes\"><tr><td style=\"white-space:nowrap\"><b>Code</b></td><td><b>Display</b></td><td><b>Definition</b></td></tr><tr><td style=\"white-space:nowrap\">observations<a name=\"SectionType-observations\"> </a></td><td>Observations</td><td/></tr><tr><td style=\"white-space:nowrap\">encounters<a name=\"SectionType-encounters\"> </a></td><td>Encounters</td><td/></tr><tr><td style=\"white-space:nowrap\">diseases<a name=\"SectionType-diseases\"> </a></td><td>Diseases</td><td/></tr><tr><td style=\"white-space:nowrap\">biosamples<a name=\"SectionType-biosamples\"> </a></td><td>Biosamples</td><td/></tr><tr><td style=\"white-space:nowrap\">genomics-reports<a name=\"SectionType-genomics-reports\"> </a></td><td>Genomics reports</td><td/></tr><tr><td style=\"white-space:nowrap\">relatives<a name=\"SectionType-relatives\"> </a></td><td>Relatives</td><td/></tr><tr><td style=\"white-space:nowrap\">pedigree<a name=\"SectionType-pedigree\"> </a></td><td>Pedigree</td><td/></tr><tr><td style=\"white-space:nowrap\">hts-files<a name=\"SectionType-hts-files\"> </a></td><td>HTS files</td><td/></tr><tr><td style=\"white-space:nowrap\">members<a name=\"SectionType-members\"> </a></td><td>Members</td><td/></tr><tr><td style=\"white-space:nowrap\">phenotypic-features<a name=\"SectionType-phenotypic-features\"> </a></td><td>Phenotypic features</td><td/></tr><tr><td style=\"white-space:nowrap\">variants<a name=\"SectionType-variants\"> </a></td><td>Variants</td><td/></tr></table></div>"
  },
  "url": "http://ga4gh.org/fhir/phenopackets/CodeSystem/SectionType",
  "version": "0.1.0",
  "name": "SectionType",
  "title": "Section Type",
  "status": "active",
  "date": "2020-02-14T16:13:10+10:00",
  "publisher": "Alejandro Metke",
  "contact": [
    {
      "name": "Alejandro Metke"
    }
  ],
  "description": "Represents the different types of sections in the objects that are built as compositions in the Phenopackets standard.",
  "content": "complete",
  "concept": [
    {
      "code": "observations",
      "display": "Observations"
    },
    {
      "code": "encounters",
      "display": "Encounters"
    },
    {
      "code": "diseases",
      "display": "Diseases"
    },
    {
      "code": "biosamples",
      "display": "Biosamples"
    },
    {
      "code": "genomics-reports",
      "display": "Genomics reports"
    },
    {
      "code": "relatives",
      "display": "Relatives"
    },
    {
      "code": "pedigree",
      "display": "Pedigree"
    },
    {
      "code": "hts-files",
      "display": "HTS files"
    },
    {
      "code": "members",
      "display": "Members"
    },
    {
      "code": "phenotypic-features",
      "display": "Phenotypic features"
    },
    {
      "code": "variants",
      "display": "Variants"
    }
  ]
}