{
  "resourceType": "CodeSystem",
  "id": "document-type",
  "text": {
    "status": "generated",
    "div": "<div xmlns=\"http://www.w3.org/1999/xhtml\"><h2>Document Type</h2><div><p>Represents the different types of documents in the Phenopackets standard.</p>\n</div><p>This code system http://ga4gh.org/fhir/phenopackets/CodeSystem/document-type defines the following codes:</p><table class=\"codes\"><tr><td style=\"white-space:nowrap\"><b>Code</b></td><td><b>Display</b></td><td><b>Definition</b></td></tr><tr><td style=\"white-space:nowrap\">phenopacket<a name=\"document-type-phenopacket\"> </a></td><td>Phenopacket</td><td>Phenopacket</td></tr><tr><td style=\"white-space:nowrap\">family<a name=\"document-type-family\"> </a></td><td>Family</td><td>Family</td></tr><tr><td style=\"white-space:nowrap\">cohort<a name=\"document-type-cohort\"> </a></td><td>Cohort</td><td>Cohort</td></tr></table></div>"
  },
  "url": "http://ga4gh.org/fhir/phenopackets/CodeSystem/document-type",
  "version": "0.1.0",
  "name": "DocumentType",
  "title": "Document Type",
  "status": "active",
  "experimental": false,
  "date": "2019-10-18T20:32:59+10:00",
  "publisher": "Global Alliance for Genomics and Health",
  "contact": [
    {
      "telecom": [
        {
          "system": "url",
          "value": "http://ga4gh.org"
        }
      ]
    }
  ],
  "description": "Represents the different types of documents in the Phenopackets standard.",
  "caseSensitive": false,
  "valueSet": "http://ga4gh.org/fhir/phenopackets/CodeSystem/document-type?vs",
  "content": "complete",
  "concept": [
    {
      "code": "phenopacket",
      "display": "Phenopacket",
      "definition": "Phenopacket"
    },
    {
      "code": "family",
      "display": "Family",
      "definition": "Family"
    },
    {
      "code": "cohort",
      "display": "Cohort",
      "definition": "Cohort"
    }
  ]
}