{
  "resourceType": "CodeSystem",
  "id": "HtsFormat",
  "text": {
    "status": "generated",
    "div": "<div xmlns=\"http://www.w3.org/1999/xhtml\"><h2>HTS Format</h2><div><p>An enumeration used to represent different high-throughput sequencing file formats.</p>\n</div><p>This code system http://ga4gh.org/fhir/phenopackets/CodeSystem/HtsFormat defines the following codes:</p><table class=\"codes\"><tr><td style=\"white-space:nowrap\"><b>Code</b></td><td><b>Display</b></td><td><b>Definition</b></td></tr><tr><td style=\"white-space:nowrap\">UNKNOWN<a name=\"HtsFormat-UNKNOWN\"> </a></td><td>Unknown</td><td/></tr><tr><td style=\"white-space:nowrap\">SAM<a name=\"HtsFormat-SAM\"> </a></td><td>SAM</td><td/></tr><tr><td style=\"white-space:nowrap\">BAM<a name=\"HtsFormat-BAM\"> </a></td><td>BAM</td><td/></tr><tr><td style=\"white-space:nowrap\">CRAM<a name=\"HtsFormat-CRAM\"> </a></td><td>CRAM</td><td/></tr><tr><td style=\"white-space:nowrap\">VCF<a name=\"HtsFormat-VCF\"> </a></td><td>VCF</td><td/></tr><tr><td style=\"white-space:nowrap\">BCF<a name=\"HtsFormat-BCF\"> </a></td><td>BCF</td><td/></tr><tr><td style=\"white-space:nowrap\">GVCF<a name=\"HtsFormat-GVCF\"> </a></td><td>GVCF</td><td/></tr></table></div>"
  },
  "url": "http://ga4gh.org/fhir/phenopackets/CodeSystem/HtsFormat",
  "version": "0.1.0",
  "name": "HtsFormat",
  "title": "HTS Format",
  "status": "active",
  "date": "2020-02-14T16:13:10+10:00",
  "publisher": "Alejandro Metke",
  "contact": [
    {
      "name": "Alejandro Metke"
    }
  ],
  "description": "An enumeration used to represent different high-throughput sequencing file formats.",
  "content": "complete",
  "concept": [
    {
      "code": "UNKNOWN",
      "display": "Unknown"
    },
    {
      "code": "SAM",
      "display": "SAM"
    },
    {
      "code": "BAM",
      "display": "BAM"
    },
    {
      "code": "CRAM",
      "display": "CRAM"
    },
    {
      "code": "VCF",
      "display": "VCF"
    },
    {
      "code": "BCF",
      "display": "BCF"
    },
    {
      "code": "GVCF",
      "display": "GVCF"
    }
  ]
}