{
  "resourceType": "ValueSet",
  "id": "secondary-cancer-disorder",
  "text": {
    "status": "generated",
    "div": "<div xmlns=\"http://www.w3.org/1999/xhtml\"><h2>Secondary Cancer Disorder</h2><div><p>Types of secondary malignant neoplastic disease, coded in SNOMED CT. Use a code from the disorder hierarchy under secondary malignant neoplastic disease (SNOMED CT 128462008).</p>\n</div><p>This value set includes codes from the following code systems:</p><ul><li>Include codes from <a href=\"http://www.snomed.org/\"><code>http://snomed.info/sct</code></a> where concept  is-a  128462008</li></ul></div>"
  },
  "url": "http://ga4gh.org/fhir/phenopackets/ValueSet/secondary-cancer-disorder",
  "version": "0.1.0",
  "name": "SecondaryCancerDisorder",
  "title": "Secondary Cancer Disorder",
  "status": "draft",
  "experimental": false,
  "date": "2019-10-18T20:32:59+10:00",
  "publisher": "Global Alliance for Genomics and Health",
  "contact": [
    {
      "telecom": [
        {
          "system": "url",
          "value": "http://ga4gh.org"
        }
      ]
    }
  ],
  "description": "Types of secondary malignant neoplastic disease, coded in SNOMED CT. Use a code from the disorder hierarchy under secondary malignant neoplastic disease (SNOMED CT 128462008).",
  "compose": {
    "include": [
      {
        "system": "http://snomed.info/sct",
        "filter": [
          {
            "property": "concept",
            "op": "is-a",
            "value": "128462008"
          }
        ]
      }
    ]
  }
}