{
  "resourceType": "ValueSet",
  "id": "cancer-body-location",
  "text": {
    "status": "generated",
    "div": "<div xmlns=\"http://www.w3.org/1999/xhtml\"><h2>Cancer Body Location</h2><div><p>Codes describing the location(s) of primary or secondary cancer. The value set includes all codes from the SNOMED CT body structure hierarchy (codes descending from 123037004 'Body Structure'). The cancer body location may also be expressed using ICD-O-3 topography codes, however, those codes are not included here due to intellectual property restrictions. No other code systems are considered conformant.</p>\n</div><p>This value set includes codes from the following code systems:</p><ul><li>Include codes from <a href=\"http://www.snomed.org/\"><code>http://snomed.info/sct</code></a> where concept  is-a  123037004</li></ul></div>"
  },
  "url": "http://ga4gh.org/fhir/phenopackets/ValueSet/cancer-body-location",
  "version": "0.1.0",
  "name": "CancerBodyLocation",
  "title": "Cancer Body Location",
  "status": "draft",
  "experimental": false,
  "date": "2019-10-18T20:32:59+10:00",
  "publisher": "Global Alliance for Genomics and Health",
  "contact": [
    {
      "telecom": [
        {
          "system": "url",
          "value": "http://ga4gh.org"
        }
      ]
    }
  ],
  "description": "Codes describing the location(s) of primary or secondary cancer. The value set includes all codes from the SNOMED CT body structure hierarchy (codes descending from 123037004 'Body Structure'). The cancer body location may also be expressed using ICD-O-3 topography codes, however, those codes are not included here due to intellectual property restrictions. No other code systems are considered conformant.",
  "compose": {
    "include": [
      {
        "system": "http://snomed.info/sct",
        "filter": [
          {
            "property": "concept",
            "op": "is-a",
            "value": "123037004"
          }
        ]
      }
    ]
  }
}