{
  "resourceType": "ValueSet",
  "id": "phenotypic-feature-interpretation",
  "text": {
    "status": "generated",
    "div": "<div xmlns=\"http://www.w3.org/1999/xhtml\"><h2>Phenotypic Feature Interpretation</h2><div><p>Concepts to indicate the interpretation of a phenotypic feature (present or absent).</p>\n</div><p>This value set includes codes from the following code systems:</p><ul><li>Include these codes as defined in <a href=\"http://hl7.org/fhir/R4/v3/ObservationInterpretation/cs.html\"><code>http://terminology.hl7.org/CodeSystem/v3-ObservationInterpretation</code></a><table class=\"none\"><tr><td style=\"white-space:nowrap\"><b>Code</b></td><td><b>Display</b></td></tr><tr><td><a href=\"http://hl7.org/fhir/R4/v3/ObservationInterpretation/cs.html#v3-ObservationInterpretation-NEG\">NEG</a></td><td>Negative</td><td>An absence finding of the specified component / analyte, organism or clinical sign based on the established threshold of the performed test or procedure.<br/>\n                        [Note: Negative does not necessarily imply the complete absence of the specified item.]</td></tr><tr><td><a href=\"http://hl7.org/fhir/R4/v3/ObservationInterpretation/cs.html#v3-ObservationInterpretation-POS\">POS</a></td><td>Positive</td><td>A presence finding of the specified component / analyte, organism or clinical sign based on the established threshold of the performed test or procedure.</td></tr></table></li></ul></div>"
  },
  "url": "http://ga4gh.org/fhir/phenopackets/ValueSet/phenotypic-feature-interpretation",
  "version": "0.1.0",
  "name": "PhenotypicFeatureInterpretation",
  "title": "Phenotypic Feature Interpretation",
  "status": "draft",
  "experimental": false,
  "date": "2019-10-18T20:32:59+10:00",
  "publisher": "Global Alliance for Genomics and Health",
  "contact": [
    {
      "telecom": [
        {
          "system": "url",
          "value": "http://ga4gh.org"
        }
      ]
    }
  ],
  "description": "Concepts to indicate the interpretation of a phenotypic feature (present or absent).",
  "compose": {
    "include": [
      {
        "system": "http://terminology.hl7.org/CodeSystem/v3-ObservationInterpretation",
        "concept": [
          {
            "code": "NEG",
            "display": "Negative"
          },
          {
            "code": "POS",
            "display": "Positive"
          }
        ]
      }
    ]
  }
}