{
  "resourceType": "ValueSet",
  "id": "cancer-staging-system",
  "text": {
    "status": "generated",
    "div": "<div xmlns=\"http://www.w3.org/1999/xhtml\"><h2>Cancer Staging System</h2><div><p>System used for staging. Because SNOMED CT does not currently have a code representing AJCC Version 8, specify the exact text 'AJCC Version 8' in the text sub-field of the code structure, and omit the code.</p>\n</div><p>This value set includes codes from the following code systems:</p><ul><li>Include these codes as defined in <a href=\"http://www.snomed.org/\"><code>http://snomed.info/sct</code></a><table class=\"none\"><tr><td style=\"white-space:nowrap\"><b>Code</b></td><td><b>Display</b></td></tr><tr><td><a href=\"http://browser.ihtsdotools.org/?perspective=full&amp;conceptId1=444256004\">444256004</a></td><td>American Joint Commission on Cancer, Cancer Staging Manual, 6th edition neoplasm staging system (tumor staging)</td><td/></tr><tr><td><a href=\"http://browser.ihtsdotools.org/?perspective=full&amp;conceptId1=443830009\">443830009</a></td><td>American Joint Commission on Cancer, Cancer Staging Manual, 7th edition neoplasm staging system (tumor staging)</td><td/></tr><tr><td><a href=\"http://browser.ihtsdotools.org/?perspective=full&amp;conceptId1=258235000\">258235000</a></td><td>International Union Against Cancer (tumor staging)</td><td/></tr></table></li></ul></div>"
  },
  "url": "http://ga4gh.org/fhir/phenopackets/ValueSet/cancer-staging-system",
  "version": "0.1.0",
  "name": "CancerStagingSystem",
  "title": "Cancer Staging System",
  "status": "draft",
  "experimental": false,
  "date": "2019-10-18T20:32:59+10:00",
  "publisher": "Global Alliance for Genomics and Health",
  "contact": [
    {
      "telecom": [
        {
          "system": "url",
          "value": "http://ga4gh.org"
        }
      ]
    }
  ],
  "description": "System used for staging. Because SNOMED CT does not currently have a code representing AJCC Version 8, specify the exact text 'AJCC Version 8' in the text sub-field of the code structure, and omit the code.",
  "compose": {
    "include": [
      {
        "system": "http://snomed.info/sct",
        "concept": [
          {
            "code": "444256004",
            "display": "American Joint Commission on Cancer, Cancer Staging Manual, 6th edition neoplasm staging system (tumor staging)"
          },
          {
            "code": "443830009",
            "display": "American Joint Commission on Cancer, Cancer Staging Manual, 7th edition neoplasm staging system (tumor staging)"
          },
          {
            "code": "258235000",
            "display": "International Union Against Cancer (tumor staging)"
          }
        ]
      }
    ]
  }
}