{
  "resourceType": "ValueSet",
  "id": "HistologicalDiagnosis",
  "text": {
    "status": "generated",
    "div": "<div xmlns=\"http://www.w3.org/1999/xhtml\"><h2>HistologicalDiagnosis</h2><div><p>Histological diagnosis codes from NCIT.</p>\n</div><p>This value set includes codes from the following code systems:</p><ul><li>Include codes from <code>http://purl.obolibrary.org/obo/ncit.owl</code> where concept  descends from  NCIT:C28101 (Disease Laboratory Finding Qualifier)</li><li>Include codes from <code>http://purl.obolibrary.org/obo/ncit.owl</code> where concept  descends from  NCIT:C2991 (Disease or Disorder)</li></ul></div>"
  },
  "url": "http://ga4gh.org/fhir/phenopackets/ValueSet/HistologicalDiagnosis",
  "version": "0.1.0",
  "name": "HistologicalDiagnosis",
  "title": "HistologicalDiagnosis",
  "status": "active",
  "date": "2020-02-14T16:13:10+10:00",
  "publisher": "Alejandro Metke",
  "contact": [
    {
      "name": "Alejandro Metke"
    }
  ],
  "description": "Histological diagnosis codes from NCIT.",
  "compose": {
    "include": [
      {
        "system": "http://purl.obolibrary.org/obo/ncit.owl",
        "filter": [
          {
            "property": "concept",
            "op": "descendent-of",
            "value": "NCIT:C28101"
          }
        ]
      },
      {
        "system": "http://purl.obolibrary.org/obo/ncit.owl",
        "filter": [
          {
            "property": "concept",
            "op": "descendent-of",
            "value": "NCIT:C2991"
          }
        ]
      }
    ]
  }
}