{
  "resourceType": "ValueSet",
  "id": "histology-morphology-behavior",
  "text": {
    "status": "generated",
    "div": "<div xmlns=\"http://www.w3.org/1999/xhtml\"><h2>Histology Morphology Behavior</h2><div><p>Codes representing the structure, arrangement, and behavioral characteristics of tumors and cancer cells. Codes are preferrably taken from the SNOMED CT hierarchy under 367651003 (Malignant neoplasm of primary, secondary, or uncertain origin (morphologic abnormality)). ICD-O-3 morphology codes (including behavior suffix) can also be used, although they are not included in the value set for intellectual property reasons. For primary cancers, the ICD-O-3 behavior suffix should be /1, /2, or /3. For secondary cancers, the ICD-O-3 behavior suffix should be /6. Only SNOMED CT and ICD-O-3 are considered conformant to the specification.</p>\n</div><p>This value set includes codes from the following code systems:</p><ul><li>Include codes from <a href=\"http://www.snomed.org/\"><code>http://snomed.info/sct</code></a> where concept  is-a  367651003</li></ul></div>"
  },
  "url": "http://ga4gh.org/fhir/phenopackets/ValueSet/histology-morphology-behavior",
  "version": "0.1.0",
  "name": "HistologyMorphologyBehavior",
  "title": "Histology Morphology Behavior",
  "status": "draft",
  "experimental": false,
  "date": "2019-10-18T20:32:59+10:00",
  "publisher": "Global Alliance for Genomics and Health",
  "contact": [
    {
      "telecom": [
        {
          "system": "url",
          "value": "http://ga4gh.org"
        }
      ]
    }
  ],
  "description": "Codes representing the structure, arrangement, and behavioral characteristics of tumors and cancer cells. Codes are preferrably taken from the SNOMED CT hierarchy under 367651003 (Malignant neoplasm of primary, secondary, or uncertain origin (morphologic abnormality)). ICD-O-3 morphology codes (including behavior suffix) can also be used, although they are not included in the value set for intellectual property reasons. For primary cancers, the ICD-O-3 behavior suffix should be /1, /2, or /3. For secondary cancers, the ICD-O-3 behavior suffix should be /6. Only SNOMED CT and ICD-O-3 are considered conformant to the specification.",
  "compose": {
    "include": [
      {
        "system": "http://snomed.info/sct",
        "filter": [
          {
            "property": "concept",
            "op": "is-a",
            "value": "367651003"
          }
        ]
      }
    ]
  }
}